iso3,country,year,magnitude,total_deaths,total_affected,total_damage_kUSD,total_damage_adj_kUSD,pre_event_avg_gdp,gdp_event_year,gdp_drop,recovery_years,gdp_per_capita_event_year,unemployment_event_year,income_group,usgs_depth_km,is_tsunami
PHL,Philippines,1990,6.6,1.0,34504.0,900.0,2161.0,5.7476,3.0827,-2.6649,,803.572588255813,,Low,30.3,0
IDN,Indonesia,1990,7.8,5.0,7036.0,,,6.0543,7.2421,1.1878,1.0,578.420121135382,,Low,25.7,0
BGR,Bulgaria,1990,7.0,1.0,,,,4.5698,-9.1174,-13.6872,,2366.52982128614,,Lower-Middle,89.3,0
ROU,Romania,1990,7.0,9.0,700.0,,,,,,,1648.48522974542,,Lower-Middle,89.3,0
SUN,Soviet Union,1990,7.0,4.0,,,,,,,,,,,89.3,0
PHL,Philippines,1990,7.1,4.0,15.0,,,5.7476,3.0827,-2.6649,,803.572588255813,,Low,20.7,0
PER,Peru,1990,6.6,200.0,100800.0,1000.0,2401.0,-4.0091,-4.9826,-0.9735,1.0,1199.66666756615,,Lower-Middle,30.3,0
SUN,Soviet Union,1990,6.8,1.0,20000.0,,,,,,,,,,25.9,0
SDN,Sudan,1990,6.8,,8000.0,,,7.6071,-5.4701,-13.0771,,1257.1875,,Lower-Middle,25.9,0
UGA,Uganda,1990,,,,,,6.197,6.4741,0.2772,3.0,244.987168126806,,Low,,0
IRN,Iran (Islamic Republic of),1990,7.3,40000.0,710000.0,8000000.0,19206670.0,-0.0407,13.5949,13.6356,1.0,2137.94222739877,,Lower-Middle,22.2,0
PHL,Philippines,1990,7.7,2412.0,1597553.0,369600.0,887348.0,5.7476,3.0827,-2.6649,,803.572588255813,,Low,25.1,0
CHN,China,1990,6.2,1.0,30016.0,,,9.0191,3.9416,-5.0774,1.0,318.50335359039,,Low,45.7,0
CHN,China,1990,6.9,126.0,34319.0,58350.0,140089.0,9.0191,3.9416,-5.0774,1.0,318.50335359039,,Low,12.1,0
ITA,Italy,1990,5.4,2.0,16.0,,,3.5916,1.9858,-1.6058,,20873.7834092719,,High,,0
IRN,Iran (Islamic Republic of),1990,6.6,21.0,22400.0,232300.0,557714.0,-0.0407,13.5949,13.6356,1.0,2137.94222739877,,Lower-Middle,30.3,0
PAK,Pakistan,1990,6.6,11.0,250.0,,,6.3458,4.4586,-1.8872,2.0,344.45547384189,,Low,30.3,0
GRC,Greece,1990,5.5,1.0,60.0,,,1.943,0.0,-1.943,1.0,9466.66238502174,,Upper-Middle,33.0,0
CRI,Costa Rica,1990,5.8,1.0,14299.0,19500.0,46816.0,4.6209,3.5531,-1.0678,2.0,1829.6687089559,,Lower-Middle,33.0,0
VUT,Vanuatu,1990,6.7,,,,,-1.0183,11.6957,12.714,1.0,1140.59020311724,,Lower-Middle,29.1,0
USA,United States of America,1990,5.5,,30.0,12700.0,30491.0,3.7679,1.886,-1.882,4.0,23888.6000088133,,High,33.0,0
FJI,Fiji,1990,7.4,,,,,0.5931,5.8,5.2069,2.0,1728.94076871199,,Lower-Middle,18.5,0
PAK,Pakistan,1990,6.1,11.0,40.0,1000.0,2401.0,6.3458,4.4586,-1.8872,2.0,344.45547384189,,Low,58.3,0
VUT,Vanuatu,1990,7.0,,,,,-1.0183,11.6957,12.714,1.0,1140.59020311724,,Lower-Middle,89.3,0
CRI,Costa Rica,1990,6.8,,310.0,,,4.6209,3.5531,-1.0678,2.0,1829.6687089559,,Lower-Middle,25.9,0
GBR,United Kingdom of Great Britain and Northern Ireland,1990,4.7,,,,,3.9585,0.7793,-3.1793,4.0,19095.4669984608,,High,,0
NIC,Nicaragua,1990,6.4,,,,,-4.9648,-0.0525,4.9123,1.0,242.508390600822,,Low,14.2,0
KEN,Kenya,1990,7.2,,,,,5.6102,4.1921,-1.4182,,374.458992895562,,Low,605.7,0
UGA,Uganda,1990,6.8,,,,,6.197,6.4741,0.2772,3.0,244.987168126806,,Low,25.9,0
PNG,Papua New Guinea,1990,,,,,,1.4201,-3.0122,-4.4322,1.0,826.317152082832,,Low,,0
GRC,Greece,1990,5.1,,1.0,,,1.943,0.0,-1.943,1.0,9466.66238502174,,Upper-Middle,,0
FJI,Fiji,1990,6.3,,,,,0.5931,5.8,5.2069,2.0,1728.94076871199,,Lower-Middle,119.2,0
VUT,Vanuatu,1990,6.8,,2.0,,,-1.0183,11.6957,12.714,1.0,1140.59020311724,,Lower-Middle,25.9,0
SUN,Soviet Union,1990,6.1,,1508.0,,,,,,,,,,58.3,0
ECU,Ecuador,1990,5.0,4.0,6510.0,,,2.2124,3.6799,1.4675,1.0,1455.00748510871,,Lower-Middle,,0
ITA,Italy,1990,4.7,19.0,2700.0,500000.0,1200417.0,3.5916,1.9858,-1.6058,,20873.7834092719,,High,,0
IDN,Indonesia,1990,6.0,1.0,2172.0,2100.0,5042.0,6.0543,7.2421,1.1878,1.0,578.420121135382,,Low,33.0,0
SUN,Soviet Union,1990,5.0,,3000.0,,,,,,,,,,,0
IDN,Indonesia,1990,5.8,,103.0,,,6.0543,7.2421,1.1878,1.0,578.420121135382,,Low,33.0,0
USA,United States of America,1990,4.3,,120.0,,,3.7679,1.886,-1.882,4.0,23888.6000088133,,High,,0
ZAF,South Africa,1990,4.0,10.0,6.0,,,2.8985,-0.3178,-3.2163,4.0,3093.48920352334,,Lower-Middle,,0
MMR,Myanmar,1991,7.2,,160.0,,,-1.6134,-0.6506,0.9628,1.0,51.2408970610106,0.828,Low,23.4,0
AFG,Afghanistan,1991,6.4,130.0,7000.0,,,,,,,,7.972,,108.4,0
PAK,Pakistan,1991,6.4,300.0,204794.0,10000.0,23033.0,5.6812,5.0616,-0.6196,1.0,380.019843346229,0.596,Low,108.4,0
SUN,Soviet Union,1991,6.8,3.0,,,,,,,,,,,127.7,0
CHN,China,1991,6.5,,42808.0,,,6.4569,9.3617,2.9048,1.0,334.130288119078,2.37,Low,20.7,0
SUN,Soviet Union,1991,6.8,,,,,,,,,,,,127.7,0
PER,Peru,1991,6.9,53.0,45750.0,,,-8.912,2.2193,11.1312,1.0,1527.38879472866,4.926,Lower-Middle,142.4,0
CHN,China,1991,5.8,1.0,240542.0,,,6.4569,9.3617,2.9048,1.0,334.130288119078,2.37,Low,29.1,0
CRI,Costa Rica,1991,6.3,47.0,10419.0,100000.0,230329.0,4.2171,2.2657,-1.9514,1.0,2253.38191508071,5.37,Lower-Middle,35.0,0
PAN,Panama,1991,7.2,30.0,18060.0,,,-1.2395,9.419,10.6585,1.0,2820.54547665418,6.443,Lower-Middle,23.4,0
SUN,Soviet Union,1991,6.9,270.0,251500.0,1700000.0,3915593.0,,,,,,,,142.4,0
GEO,Georgia,1991,6.3,8.0,3740.0,,,-5.4757,-21.0999,-15.6241,4.0,1307.82342713006,2.7,Lower-Middle,35.0,0
IDN,Indonesia,1991,6.9,,1000.0,,,6.8264,6.912,0.0856,3.0,624.387495384411,2.617,Low,142.4,0
IDN,Indonesia,1991,6.7,28.0,16191.0,18000.0,41459.0,6.8264,6.912,0.0856,3.0,624.387495384411,2.617,Low,20.2,0
PER,Peru,1991,5.0,11.0,1535.0,,,-8.912,2.2193,11.1312,1.0,1527.38879472866,4.926,Lower-Middle,,0
USA,United States of America,1991,5.8,2.0,100.0,33500.0,77160.0,3.2451,-0.1083,-3.3534,1.0,24342.2589048189,6.8,High,29.1,0
GTM,Guatemala,1991,5.3,14.0,23890.0,,,3.6458,3.6582,0.0124,1.0,1014.40279682682,2.197,Low,,0
IRQ,Iraq,1991,5.6,20.0,500.0,,,18.2268,-64.0471,-82.2739,1.0,22.9521327615352,8.639,Low,29.1,0
IRN,Iran (Islamic Republic of),1991,5.4,,1501.0,,,4.5483,12.7161,8.1678,5.0,2194.43906803657,11.1,Lower-Middle,,0
CRI,Costa Rica,1991,4.9,,150.0,,,4.2171,2.2657,-1.9514,1.0,2253.38191508071,5.37,Lower-Middle,,0
IND,India,1991,6.1,1500.0,54383.0,60000.0,138197.0,7.0362,1.0568,-5.9794,4.0,305.574055928592,7.641,Low,27.6,0
COL,Colombia,1991,6.8,2.0,867.0,,,3.9201,2.0016,-1.9185,1.0,1485.73971889208,10.12,Lower-Middle,127.7,0
ROU,Romania,1991,5.7,,4005.0,,,,-12.9182,,,1254.3124421298,8.23,Lower-Middle,29.1,0
AFG,Afghanistan,1991,5.4,24.0,,,,,,,,,7.972,,,0
SUN,Soviet Union,1991,5.4,1.0,5000.0,,,,,,,,,,,0
YEM,Yemen,1991,4.4,10.0,40039.0,,,,6.2935,,,1016.30223044813,8.428,Low,,0
CRI,Costa Rica,1991,5.6,,,,,4.2171,2.2657,-1.9514,1.0,2253.38191508071,5.37,Lower-Middle,29.1,0
PAN,Panama,1991,5.6,,2036.0,,,-1.2395,9.419,10.6585,1.0,2820.54547665418,6.443,Lower-Middle,29.1,0
ROU,Romania,1991,5.7,,1845.0,,,,-12.9182,,,1254.3124421298,8.23,Lower-Middle,29.1,0
DZA,Algeria,1992,5.0,,2250.0,,,1.3333,1.8,0.4667,3.0,1802.69300801289,24.38,Lower-Middle,,0
TUR,Türkiye,1992,6.8,653.0,348850.0,750000.0,1676684.0,3.4256,5.0356,1.6101,1.0,2743.65320297936,8.509,Lower-Middle,9.6,0
PAK,Pakistan,1992,5.7,4.0,200.0,,,4.8266,7.7059,2.8793,3.0,395.67720859593,0.587,Low,10.0,0
COD,Democratic Republic of the Congo,1992,6.7,9.0,311.0,,,-5.4185,-10.5,-5.0815,2.0,209.726548794417,3.372,Low,498.5,0
CUB,Cuba,1992,7.0,,5869.0,,,-4.3204,-11.5806,-7.2602,2.0,2047.67900346421,8.779,Lower-Middle,18.8,0
NIC,Nicaragua,1992,7.0,179.0,6179.0,25000.0,55889.0,-0.66,0.3863,1.0463,1.0,411.473330661786,7.809,Low,18.8,0
KGZ,Kyrgyzstan,1992,7.5,54.0,86806.0,130000.0,290625.0,0.1829,-13.8378,-14.0207,4.0,512.766741120388,1.1,Low,129.0,0
KGZ,Kyrgyzstan,1992,7.0,4.0,50000.0,31000.0,69303.0,0.1829,-13.8378,-14.0207,4.0,512.766741120388,1.1,Low,18.8,0
BEL,Belgium,1992,5.5,,,100000.0,223558.0,2.8132,1.5307,-1.2826,2.0,23372.619171015,6.702,High,10.0,0
DEU,Germany,1992,5.6,1.0,1525.0,50000.0,111779.0,4.7533,2.0136,-2.7397,,26559.8543879632,6.323,High,10.0,0
NLD,Netherlands (Kingdom of the),1992,5.5,,20.0,,,3.6808,1.7061,-1.9748,5.0,23939.2173482108,5.555,High,10.0,0
USA,United States of America,1992,6.9,,94.0,75000.0,167668.0,1.8166,3.5225,1.7059,1.0,25418.9907763319,7.5,High,38.6,0
EGY,Egypt,1992,5.9,552.0,92649.0,1200000.0,2682694.0,3.9044,4.4729,0.5684,2.0,680.79923864551,8.92,Low,10.0,0
COL,Colombia,1992,6.6,11.0,1635.0,,,3.2326,4.0449,0.8124,1.0,1730.39091795329,9.44,Lower-Middle,78.9,0
IDN,Indonesia,1992,7.5,2500.0,92103.0,100000.0,223558.0,7.2036,6.4975,-0.7061,2.0,673.67103954742,2.734,Low,129.0,0
IRN,Iran (Islamic Republic of),1992,4.9,5.0,4050.0,,,10.8144,3.298,-7.5164,,1957.48507794252,10.653,Lower-Middle,,0
AFG,Afghanistan,1992,5.5,14.0,,,,,,,,,7.958,,10.0,0
PAK,Pakistan,1992,6.0,36.0,2100.0,,,4.8266,7.7059,2.8793,3.0,395.67720859593,0.587,Low,10.0,0
USA,United States of America,1992,7.4,1.0,300.0,100000.0,223558.0,1.8166,3.5225,1.7059,1.0,25418.9907763319,7.5,High,129.0,0
UZB,Uzbekistan,1992,5.6,9.0,50000.0,,,1.3998,-11.2,-12.5998,4.0,602.920525827048,2.9,Low,10.0,0
IDN,Indonesia,1992,5.0,,7501.0,,,7.2036,6.4975,-0.7061,2.0,673.67103954742,2.734,Low,,0
JPN,Japan,1992,5.9,,32.0,,,4.43,0.9006,-3.5294,,31992.7902119161,2.158,High,10.0,0
CHN,China,1992,6.5,,16000.0,3150.0,7042.0,5.8366,14.2996,8.4631,1.0,367.822651903542,2.37,Low,36.8,0
GEO,Georgia,1992,6.7,1.0,10.0,,,-14.3608,-44.8998,-30.539,2.0,757.223548505358,5.4,Low,498.5,0
USA,United States of America,1992,6.2,,32.0,100000.0,223558.0,1.8166,3.5225,1.7059,1.0,25418.9907763319,7.5,High,33.0,0
IRN,Iran (Islamic Republic of),1993,5.6,24.0,4049.0,,,9.8697,-1.471,-11.3407,,1038.10985682067,10.573,Low,33.0,0
JPN,Japan,1993,7.8,239.0,7355.0,1000000.0,2171484.0,3.0883,-0.4592,-3.5475,3.0,36345.2441262708,2.539,High,59.3,0
GUM,Guam,1993,8.1,,71.0,120000.0,260578.0,,,,,,5.527,,59.3,0
SDN,Sudan,1993,6.2,3.0,15.0,,,2.8729,4.5687,1.6958,2.0,312.693908691406,15.51,Low,67.8,0
IND,India,1993,6.4,9748.0,30000.0,280000.0,608015.0,4.0242,4.7508,0.7265,1.0,302.884806246174,7.662,Low,151.1,0
PNG,Papua New Guinea,1993,7.2,53.0,20200.0,5000.0,10857.0,6.7946,18.2023,11.4077,3.0,1151.28388116601,2.382,Lower-Middle,34.1,0
MEX,Mexico,1993,6.5,,,,,4.2649,2.867,-1.3979,1.0,6048.34840388099,3.365,Upper-Middle,33.0,0
JPN,Japan,1993,7.5,2.0,10522.0,358000.0,777391.0,3.0883,-0.4592,-3.5475,3.0,36345.2441262708,2.539,High,70.6,0
CHN,China,1993,6.3,,142146.0,,,9.201,13.9291,4.7281,1.0,378.939353053314,2.69,Low,9.9,0
WLF,Wallis and Futuna Islands,1993,6.5,5.0,20.0,,,,,,,,,,33.0,0
GRC,Greece,1993,5.2,1.0,1516.0,,,1.2667,-1.6,-2.8667,1.0,10257.3085789073,10.177,Upper-Middle,,0
PER,Peru,1993,5.6,6.0,145.0,,,-1.1013,5.2436,6.3448,1.0,1487.67404314175,4.795,Lower-Middle,33.0,0
CRI,Costa Rica,1993,4.4,3.0,240.0,,,5.0066,7.0972,2.0906,4.0,2840.38706479397,3.95,Lower-Middle,,0
USA,United States of America,1993,5.8,2.0,3000.0,7500.0,16286.0,1.7667,2.7518,0.9851,1.0,26387.2937338171,6.9,High,33.0,0
COL,Colombia,1993,6.1,2.0,3071.0,,,3.4428,5.3854,1.9426,1.0,1929.26721811738,7.8,Lower-Middle,112.3,0
IRN,Iran (Islamic Republic of),1993,5.1,,1003.0,,,9.8697,-1.471,-11.3407,,1038.10985682067,10.573,Low,,0
GRC,Greece,1993,5.3,,605.0,,,1.2667,-1.6,-2.8667,1.0,10257.3085789073,10.177,Upper-Middle,,0
NPL,Nepal,1993,5.1,,285.0,,,5.0365,3.8499,-1.1867,1.0,172.805202579767,10.492,Low,,0
IND,India,1993,4.6,,525.0,,,4.0242,4.7508,0.7265,1.0,302.884806246174,7.662,Low,,0
CHN,China,1993,5.2,,504.0,,,9.201,13.9291,4.7281,1.0,378.939353053314,2.69,Low,,0
USA,United States of America,1994,6.6,60.0,27000.0,30000000.0,63489069.0,2.0553,4.029,1.9737,1.0,27694.853416234,6.119,High,16.3,0
IDN,Indonesia,1994,6.8,7.0,200040.0,,,6.6353,7.54,0.9047,1.0,899.793982949817,4.366,Low,23.2,0
IDN,Indonesia,1994,7.2,207.0,49399.0,170476.0,360779.0,6.6353,7.54,0.9047,1.0,899.793982949817,4.366,Low,33.0,0
IRN,Iran (Islamic Republic of),1994,6.1,9.0,1500.0,1400.0,2963.0,4.8477,-1.6983,-6.546,2.0,1167.76272513795,10.458,Lower-Middle,15.5,0
IRN,Iran (Islamic Republic of),1994,5.6,3.0,15041.0,,,4.8477,-1.6983,-6.546,2.0,1167.76272513795,10.458,Lower-Middle,11.0,0
UGA,Uganda,1994,6.2,7.0,50000.0,70000.0,148141.0,5.7662,6.4036,0.6374,1.0,198.441987998795,3.458,Low,14.2,0
AFG,Afghanistan,1994,6.3,160.0,100330.0,,,,,,,,7.883,,29.5,0
BOL,Bolivia (Plurinational State of),1994,7.5,5.0,,,,3.7274,4.6673,0.9398,1.0,774.035669644318,3.08,Low,562.5,0
COL,Colombia,1994,6.4,271.0,37416.0,2400.0,5079.0,3.8106,5.8147,2.004,1.0,2325.91872973374,8.25,Lower-Middle,13.3,0
IDN,Indonesia,1994,7.2,239.0,8720.0,2200.0,4656.0,6.6353,7.54,0.9047,1.0,899.793982949817,4.366,Low,33.0,0
IRN,Iran (Islamic Republic of),1994,6.0,2.0,100.0,,,4.8477,-1.6983,-6.546,2.0,1167.76272513795,10.458,Lower-Middle,11.0,0
VUT,Vanuatu,1994,7.3,,,,,2.1562,9.0815,6.9253,2.0,1430.99367776483,8.083,Lower-Middle,471.4,0
DZA,Algeria,1994,5.6,171.0,12789.0,,,-0.5,-0.9,-0.4,1.0,1525.54061760288,27.74,Lower-Middle,11.0,0
CHN,China,1994,6.8,1.0,500.0,,,12.5301,13.0727,0.5426,,475.677874448369,2.9,Low,23.2,0
JPN,Japan,1994,7.5,2.0,285.0,170400.0,360618.0,1.3216,1.0834,-0.2382,1.0,39933.5150564874,2.89,High,562.5,0
RUS,Russian Federation,1994,7.9,11.0,2342.0,,,-9.4155,-12.5698,-3.1542,1.0,2662.10400390625,8.131,Lower-Middle,18.4,0
JPN,Japan,1994,7.9,5.0,1500.0,,,1.3216,1.0834,-0.2382,1.0,39933.5150564874,2.89,High,18.4,0
IDN,Indonesia,1994,6.3,1.0,2437.0,,,6.6353,7.54,0.9047,1.0,899.793982949817,4.366,Low,29.5,0
PHL,Philippines,1994,7.1,81.0,270866.0,3700.0,7830.0,0.721,4.3737,3.6526,1.0,1059.9838951587,3.767,Low,10.0,0
USA,United States of America,1994,5.3,,225.0,2100.0,4444.0,2.0553,4.029,1.9737,1.0,27694.853416234,6.119,High,,0
CHN,China,1994,6.1,,5860.0,,,12.5301,13.0727,0.5426,,475.677874448369,2.9,Low,15.5,0
AUS,Australia,1994,5.4,,5025.0,,,1.3648,3.9788,2.6141,1.0,18155.6282000179,9.724,High,,0
IDN,Indonesia,1994,5.7,,67.0,,,6.6353,7.54,0.9047,1.0,899.793982949817,4.366,Low,11.0,0
CHN,China,1994,5.8,,285.0,,,12.5301,13.0727,0.5426,,475.677874448369,2.9,Low,11.0,0
PHL,Philippines,1994,5.6,,218.0,,,0.721,4.3737,3.6526,1.0,1059.9838951587,3.767,Low,11.0,0
COL,Colombia,1995,6.5,7.0,2845.0,,,5.0817,5.2024,0.1208,,2583.66576349858,8.72,Lower-Middle,15.2,0
JPN,Japan,1995,7.2,5297.0,541636.0,100000000.0,205855147.0,0.5082,2.631,2.1227,1.0,44197.6191013908,3.15,High,20.7,0
COL,Colombia,1995,6.4,40.0,15097.0,,,5.0817,5.2024,0.1208,,2583.66576349858,8.72,Lower-Middle,10.0,0
CYP,Cyprus,1995,5.8,2.0,1865.0,4340.0,8934.0,5.3333,8.3625,3.0291,3.0,15261.4169921875,2.6,High,10.0,0
ECU,Ecuador,1995,5.2,1.0,85.0,,,2.7819,2.2525,-0.5294,2.0,2108.00698245316,4.408,Lower-Middle,,0
COL,Colombia,1995,5.1,8.0,259.0,,,5.0817,5.2024,0.1208,,2583.66576349858,8.72,Lower-Middle,,0
PHL,Philippines,1995,7.3,,,,,2.3244,4.6252,2.3008,1.0,1199.84171414993,3.68,Lower-Middle,20.7,0
IDN,Indonesia,1995,6.8,15.0,176.0,,,6.8446,8.22,1.3754,1.0,1011.22614205568,4.611,Low,22.3,0
GRC,Greece,1995,6.6,26.0,15060.0,450000.0,926348.0,0.3667,2.0997,1.7331,1.0,12779.081491606,10.116,Upper-Middle,4.622,0
IDN,Indonesia,1995,5.5,,1538.0,,,6.8446,8.22,1.3754,1.0,1011.22614205568,4.611,Low,10.0,0
RUS,Russian Federation,1995,7.6,1989.0,750.0,64100.0,131953.0,-11.9231,-4.1435,7.7796,1.0,2665.77978515625,9.449,Lower-Middle,20.2,0
CHN,China,1995,7.1,11.0,1000136.0,36100.0,74314.0,13.7671,11.0328,-2.7343,,612.680277898627,3.0,Low,21.1,0
MMR,Myanmar,1995,7.1,,,,,7.7261,6.9481,-0.7781,4.0,124.14348039051,0.754,Low,21.1,0
THA,Thailand,1995,7.1,,,,,8.1108,8.1203,0.0095,,2864.36515719866,1.1,Lower-Middle,21.1,0
CHL,Chile,1995,7.8,3.0,1833.0,1660.0,3417.0,7.7548,9.2554,1.5007,,5081.4682771561,4.7,Upper-Middle,20.2,0
MEX,Mexico,1995,7.2,6.0,4670.0,21100.0,43435.0,3.6099,-5.9103,-9.5202,1.0,4183.87847727479,7.095,Lower-Middle,20.7,0
ECU,Ecuador,1995,6.9,2.0,805.0,,,2.7819,2.2525,-0.5294,2.0,2108.00698245316,4.408,Lower-Middle,21.9,0
TUR,Türkiye,1995,6.1,94.0,160240.0,205800.0,423650.0,2.6729,7.8783,5.2053,1.0,3845.98997887841,7.644,Lower-Middle,33.0,0
IDN,Indonesia,1995,7.0,84.0,90218.0,,,6.8446,8.22,1.3754,1.0,1011.22614205568,4.611,Low,26.9,0
MEX,Mexico,1995,7.5,58.0,44465.0,,,3.6099,-5.9103,-9.5202,1.0,4183.87847727479,7.095,Lower-Middle,21.2,0
CHN,China,1995,6.1,46.0,20297.0,80000.0,164684.0,13.7671,11.0328,-2.7343,,612.680277898627,3.0,Low,33.0,0
EGY,Egypt,1995,6.2,10.0,69.0,,,3.7823,4.6425,0.8602,1.0,916.326617700876,11.04,Low,42.2,0
GRC,Greece,1995,6.3,26.0,13900.0,422700.0,870150.0,0.3667,2.0997,1.7331,1.0,12779.081491606,10.116,Upper-Middle,33.0,0
JPN,Japan,1995,5.3,,1551.0,,,0.5082,2.631,2.1227,1.0,44197.6191013908,3.15,High,,0
MEX,Mexico,1995,6.5,,18000.0,,,3.6099,-5.9103,-9.5202,1.0,4183.87847727479,7.095,Lower-Middle,15.2,0
CHN,China,1995,5.6,14.0,5060.0,,,13.7671,11.0328,-2.7343,,612.680277898627,3.0,Low,10.0,0
IDN,Indonesia,1996,7.0,9.0,13000.0,1200.0,2400.0,7.4188,7.8182,0.3994,,1118.92133024129,4.861,Lower-Middle,10.0,0
AFG,Afghanistan,1996,,,3250.0,,,,,,,,7.878,,,0
CHN,China,1996,7.0,309.0,5077795.0,506000.0,1011964.0,12.6782,9.9762,-2.702,,713.337387811657,3.12,Low,10.0,0
PER,Peru,1996,,7.0,752.0,,,8.3211,2.799,-5.5221,,2226.91682429265,4.929,Lower-Middle,,0
IDN,Indonesia,1996,7.5,166.0,25638.0,4200.0,8400.0,7.4188,7.8182,0.3994,,1118.92133024129,4.861,Lower-Middle,10.0,0
ECU,Ecuador,1996,5.7,27.0,30705.0,7000.0,14000.0,2.828,1.7317,-1.0963,1.0,2135.8479374308,4.422,Lower-Middle,33.0,0
CHN,China,1996,6.4,18.0,200300.0,,,12.6782,9.9762,-2.702,,713.337387811657,3.12,Low,33.0,0
CHN,China,1996,6.9,26.0,33128.0,24000.0,47998.0,12.6782,9.9762,-2.702,,713.337387811657,3.12,Low,33.0,0
GRC,Greece,1996,5.6,,1500.0,,,0.8332,1.3825,0.5492,1.0,13432.5262183244,10.402,High,33.0,0
CHN,China,1996,5.7,,137.0,,,12.6782,9.9762,-2.702,,713.337387811657,3.12,Low,33.0,0
HRV,Croatia,1996,6.0,,2000.0,,,1.5319,6.109,4.5771,1.0,5299.6410536193,9.68,Upper-Middle,33.0,0
PER,Peru,1996,7.3,14.0,75970.0,,,8.3211,2.799,-5.5221,,2226.91682429265,4.929,Lower-Middle,26.3,0
TUR,Türkiye,1996,,,26006.0,30000.0,59998.0,3.6205,7.1578,3.5373,1.0,4041.36210281686,6.629,Lower-Middle,,0
CHN,China,1997,5.9,12.0,155040.0,,,11.3606,9.2876,-2.0729,,786.743548510999,3.23,Low,140.3,0
IRN,Iran (Islamic Republic of),1997,5.6,100.0,84500.0,30000.0,58627.0,2.3511,1.3504,-1.0007,3.0,1790.06617575598,9.68,Lower-Middle,140.3,0
KGZ,Kyrgyzstan,1997,7.0,,1230.0,2000.0,3908.0,-6.1415,9.9153,16.0567,1.0,376.427930059811,1.739,Low,19.9,0
PAK,Pakistan,1997,6.3,50.0,10100.0,,,4.5155,1.0144,-3.5011,,438.030942680153,0.611,Low,33.0,0
IRN,Iran (Islamic Republic of),1997,6.0,1100.0,38600.0,76000.0,148523.0,2.3511,1.3504,-1.0007,3.0,1790.06617575598,9.68,Lower-Middle,140.3,0
TTO,Trinidad and Tobago,1997,6.5,,17.0,25000.0,48856.0,4.8372,7.5229,2.6857,1.0,4393.94496943068,15.01,Upper-Middle,10.0,0
MEX,Mexico,1997,7.3,1.0,5000.0,,,1.5674,7.1989,5.6315,1.0,5567.35599516667,4.235,Upper-Middle,10.0,0
AFG,Afghanistan,1997,6.4,5.0,,10.0,20.0,,,,,,7.863,,28.0,0
IRN,Iran (Islamic Republic of),1997,7.3,1568.0,74600.0,100000.0,195425.0,2.3511,1.3504,-1.0007,3.0,1790.06617575598,9.68,Lower-Middle,10.0,0
IND,India,1997,6.0,43.0,156500.0,37000.0,72307.0,7.261,4.0498,-3.2112,2.0,416.228116203753,7.574,Low,140.3,0
MEX,Mexico,1997,5.9,,12000.0,,,1.5674,7.1989,5.6315,1.0,5567.35599516667,4.235,Upper-Middle,140.3,0
VEN,Venezuela (Bolivarian Republic of),1997,6.7,80.0,4183.0,81000.0,158294.0,0.4681,6.371,5.9029,3.0,3710.82688355096,11.16,Lower-Middle,33.0,0
ITA,Italy,1997,5.5,14.0,38100.0,4524900.0,8842764.0,2.1278,1.9257,-0.2021,3.0,21883.9872666651,11.985,High,140.3,0
IDN,Indonesia,1997,6.0,20.0,3105.0,1100.0,2150.0,7.8594,4.6999,-3.1595,,1044.60674832472,4.684,Low,140.3,0
CHL,Chile,1997,6.8,8.0,53098.0,48000.0,93804.0,7.149,7.3917,0.2427,,5741.95842989596,7.136,Upper-Middle,10.0,0
BGD,Bangladesh,1997,5.9,23.0,200.0,,,4.5114,4.4899,-0.0215,1.0,379.284917709635,2.698,Low,140.3,0
CHN,China,1997,6.6,9.0,500089.0,,,11.3606,9.2876,-2.0729,,786.743548510999,3.23,Low,10.0,0
ARM,Armenia,1997,4.2,,15000.0,33333.0,65141.0,6.0551,3.3211,-2.7341,1.0,505.035887057966,10.8,Low,,0
CHN,China,1997,5.2,2.0,20006.0,,,11.3606,9.2876,-2.0729,,786.743548510999,3.23,Low,,0
CHN,China,1997,5.8,9.0,100089.0,,,11.3606,9.2876,-2.0729,,786.743548510999,3.23,Low,140.3,0
IRN,Iran (Islamic Republic of),1997,6.2,,25500.0,,,2.3511,1.3504,-1.0007,3.0,1790.06617575598,9.68,Lower-Middle,110.7,0
ZAF,South Africa,1997,5.0,15.0,46.0,,,3.5333,2.6,-0.9333,3.0,3700.23554789867,22.549,Lower-Middle,,0
AFG,Afghanistan,1998,5.9,2323.0,32818.0,10000.0,19244.0,,,,,,7.869,,10.0,0
IRN,Iran (Islamic Republic of),1998,6.6,5.0,1500.0,,,3.3673,2.08,-1.2873,2.0,1709.19334096046,10.358,Lower-Middle,33.0,0
CHN,China,1998,6.2,49.0,598000.0,285500.0,549409.0,10.0989,7.9208,-2.1781,5.0,835.095348597432,3.24,Low,10.0,0
ITA,Italy,1998,5.2,,905.0,,,2.0527,1.8044,-0.2483,2.0,22365.1837644545,12.117,High,,0
IRN,Iran (Islamic Republic of),1998,5.8,12.0,2935.0,,,3.3673,2.08,-1.2873,2.0,1709.19334096046,10.358,Lower-Middle,10.0,0
AUT,Austria,1998,5.7,,,,,2.3432,3.4929,1.1497,1.0,27212.4642905708,5.483,High,10.0,0
SVN,Slovenia,1998,5.7,,700.0,,,4.064,3.0638,-1.0002,1.0,11131.5666628231,7.39,Upper-Middle,10.0,0
AFG,Afghanistan,1998,6.6,4700.0,116935.0,10000.0,19244.0,,,,,,7.869,,33.0,0
BOL,Bolivia (Plurinational State of),1998,6.6,95.0,18050.0,,,4.6646,5.0294,0.3647,,1022.14506519545,2.121,Low,33.0,0
TUR,Türkiye,1998,6.3,145.0,1589600.0,550000.0,1058405.0,7.4646,1.9086,-5.5561,,4331.02761275037,6.888,Upper-Middle,95.6,0
AZO,Azores Islands,1998,6.2,10.0,1100.0,72000.0,138555.0,,,,,,,,10.0,0
TUR,Türkiye,1998,5.1,,1016.0,,,7.4646,1.9086,-5.5561,,4331.02761275037,6.888,Upper-Middle,,0
AZE,Azerbaijan,1998,5.7,1.0,700010.0,,,-1.5667,10.0,11.5667,1.0,561.906807871869,10.0,Low,10.0,0
PNG,Papua New Guinea,1998,7.0,2182.0,9867.0,,,0.1723,-3.7691,-3.9414,1.0,733.479860137662,2.86,Low,55.7,0
ECU,Ecuador,1998,7.2,3.0,2040.0,,,2.7707,3.2665,0.4958,3.0,2284.01572847769,4.389,Lower-Middle,537.2,0
CHN,China,1998,5.6,3.0,337443.0,70000.0,134706.0,10.0989,7.9208,-2.1781,5.0,835.095348597432,3.24,Low,10.0,0
IRN,Iran (Islamic Republic of),1998,5.4,5.0,4355.0,,,3.3673,2.08,-1.2873,2.0,1709.19334096046,10.358,Lower-Middle,,0
IDN,Indonesia,1998,7.7,33.0,6448.0,200000.0,384875.0,6.9127,-13.1267,-20.0394,,454.877800792123,5.459,Low,33.0,0
CHN,China,1998,4.5,,107084.0,22600.0,43491.0,10.0989,7.9208,-2.1781,5.0,835.095348597432,3.24,Low,,0
AFG,Afghanistan,1998,6.4,,,,,,,,,,7.869,,33.0,0
PAK,Pakistan,1998,6.4,1.0,611.0,,,3.6079,2.5502,-1.0576,1.0,424.453697798497,0.62,Low,33.0,0
CHN,China,1998,5.4,,2000.0,,,10.0989,7.9208,-2.1781,5.0,835.095348597432,3.24,Low,,0
CHN,China,1998,5.6,,25028.0,,,10.0989,7.9208,-2.1781,5.0,835.095348597432,3.24,Low,10.0,0
CHN,China,1998,6.4,3.0,111862.0,,,10.0989,7.9208,-2.1781,5.0,835.095348597432,3.24,Low,33.0,0
IDN,Indonesia,1998,6.4,1.0,500.0,,,6.9127,-13.1267,-20.0394,,454.877800792123,5.459,Low,33.0,0
ALB,Albania,1998,5.0,,2100.0,,,2.9824,8.31,5.3277,1.0,831.175344077295,20.042,Low,,0
IRN,Iran (Islamic Republic of),1998,5.4,,500.0,,,3.3673,2.08,-1.2873,2.0,1709.19334096046,10.358,Lower-Middle,,0
NIC,Nicaragua,1998,4.4,,238.0,,,5.4076,3.7117,-1.6959,1.0,949.155373494771,7.203,Low,,0
CHN,China,1998,4.7,,3528.0,,,10.0989,7.9208,-2.1781,5.0,835.095348597432,3.24,Low,,0
TUR,Türkiye,1998,4.5,2.0,690.0,,,7.4646,1.9086,-5.5561,,4331.02761275037,6.888,Upper-Middle,,0
COL,Colombia,1999,6.2,1186.0,1205933.0,1857366.0,3497734.0,2.0186,-4.204,-6.2227,1.0,2241.22911801216,20.06,Lower-Middle,10.0,0
RUS,Russian Federation,1999,3.2,,6240.0,900.0,1695.0,-2.5517,6.3999,8.9516,1.0,1330.75720214844,13.036,Lower-Middle,,0
AFG,Afghanistan,1999,6.0,70.0,91960.0,,,,,,,,7.877,,33.0,0
IRN,Iran (Islamic Republic of),1999,6.6,1.0,2690.0,,,3.2603,2.0027,-1.2576,1.0,1739.59462001458,11.176,Lower-Middle,67.2,0
IND,India,1999,6.6,100.0,477894.0,2000.0,3766.0,5.9279,8.8458,2.9178,4.0,441.927991436397,7.583,Low,67.2,0
IRN,Iran (Islamic Republic of),1999,7.0,20.0,4100.0,,,3.2603,2.0027,-1.2576,1.0,1739.59462001458,11.176,Lower-Middle,114.1,0
AZE,Azerbaijan,1999,5.4,1.0,9168.0,5000.0,9416.0,5.7,7.4,1.7,1.0,573.893528734031,10.9,Low,,0
MEX,Mexico,1999,6.5,15.0,16200.0,226800.0,427103.0,6.5341,2.755,-3.7791,,6499.97182950425,2.598,Upper-Middle,95.7,0
BGD,Bangladesh,1999,5.2,6.0,15200.0,,,4.7299,4.6702,-0.0598,1.0,388.095684268235,3.088,Low,,0
TUR,Türkiye,1999,7.6,17127.0,1358953.0,20000000.0,37663384.0,5.4747,-3.0528,-8.5275,1.0,3973.77763854116,7.687,Lower-Middle,17.0,0
GRC,Greece,1999,5.8,143.0,115139.0,4200000.0,7909311.0,2.8074,2.6588,-0.1486,1.0,12742.5404388143,12.138,Upper-Middle,33.0,0
TUR,Türkiye,1999,5.8,6.0,422.0,,,5.4747,-3.0528,-8.5275,1.0,3973.77763854116,7.687,Lower-Middle,33.0,0
TWN,Taiwan (Province of China),1999,7.7,2264.0,108664.0,14100000.0,26552686.0,,,,,,,,33.0,0
MEX,Mexico,1999,7.5,31.0,115215.0,164800.0,310346.0,6.5341,2.755,-3.7791,,6499.97182950425,2.598,Upper-Middle,60.6,0
TUR,Türkiye,1999,5.2,,103.0,,,5.4747,-3.0528,-8.5275,1.0,3973.77763854116,7.687,Lower-Middle,,0
CHN,China,1999,5.1,,16003.0,,,9.0615,7.737,-1.3245,3.0,881.146614068925,3.25,Low,,0
PER,Peru,1999,6.8,1.0,1550.0,,,2.9614,1.4949,-1.4665,3.0,1916.53397367908,5.011,Lower-Middle,87.2,0
MEX,Mexico,1999,6.3,,6500.0,,,6.5341,2.755,-3.7791,,6499.97182950425,2.598,Upper-Middle,10.0,0
TUR,Türkiye,1999,5.2,1.0,166.0,,,5.4747,-3.0528,-8.5275,1.0,3973.77763854116,7.687,Lower-Middle,,0
TWN,Taiwan (Province of China),1999,5.9,1.0,254.0,800.0,1507.0,,,,,,,,33.0,0
PER,Peru,1999,4.4,,6580.0,1100.0,2071.0,2.9614,1.4949,-1.4665,3.0,1916.53397367908,5.011,Lower-Middle,,0
TUR,Türkiye,1999,7.2,3.0,200.0,,,5.4747,-3.0528,-8.5275,1.0,3973.77763854116,7.687,Lower-Middle,10.0,0
TUR,Türkiye,1999,7.2,845.0,224948.0,1000000.0,1883169.0,5.4747,-3.0528,-8.5275,1.0,3973.77763854116,7.687,Lower-Middle,10.0,0
CHN,China,1999,5.6,,3020004.0,44000.0,82859.0,9.0615,7.737,-1.3245,3.0,881.146614068925,3.25,Low,33.0,0
VUT,Vanuatu,1999,7.5,12.0,14100.0,,,2.8037,0.3373,-2.4664,1.0,1472.17751741462,8.29,Lower-Middle,60.6,0
CHN,China,1999,5.0,,800.0,,,9.0615,7.737,-1.3245,3.0,881.146614068925,3.25,Low,,0
DZA,Algeria,1999,5.6,22.0,15175.0,60929.0,114740.0,3.4333,3.2,-0.2333,1.0,1596.11822239025,28.575,Lower-Middle,33.0,0
IDN,Indonesia,1999,6.5,5.0,16920.0,3900.0,7344.0,-0.2029,0.7911,0.994,1.0,657.268934667018,6.358,Low,95.7,0
IRN,Iran (Islamic Republic of),1999,5.3,,250.0,,,3.2603,2.0027,-1.2576,1.0,1739.59462001458,11.176,Lower-Middle,,0
RUS,Russian Federation,1999,6.5,1.0,5020.0,,,-2.5517,6.3999,8.9516,1.0,1330.75720214844,13.036,Lower-Middle,95.7,0
ESP,Spain,1999,6.2,,20.0,44004.0,82867.0,3.4989,4.4089,0.91,1.0,15707.9473068138,15.475,High,10.0,0
GTM,Guatemala,1999,6.7,2.0,280.0,,,4.1051,3.8471,-0.2581,,1603.64776144934,2.113,Lower-Middle,10.0,0
PHL,Philippines,1999,7.3,6.0,190.0,1794.0,3378.0,3.5109,3.3465,-0.1644,1.0,1101.43515975318,3.751,Lower-Middle,90.1,0
IRN,Iran (Islamic Republic of),2000,5.3,1.0,2015.0,,,1.811,5.8455,4.0345,1.0,1650.01385833785,11.698,Lower-Middle,,0
IRN,Iran (Islamic Republic of),2000,4.9,,1000.0,,,1.811,5.8455,4.0345,1.0,1650.01385833785,11.698,Lower-Middle,,0
COL,Colombia,2000,6.5,2.0,430.0,,,-0.068,2.9249,2.9928,1.0,2555.00751039968,20.52,Lower-Middle,33.0,0
TUR,Türkiye,2000,4.5,1.0,1000.0,,,2.0712,6.9853,4.9141,2.0,4199.3798635759,6.495,Lower-Middle,,0
TUR,Türkiye,2000,6.0,2.0,23080.0,,,2.0712,6.9853,4.9141,2.0,4199.3798635759,6.495,Lower-Middle,10.0,0
GRC,Greece,2000,5.6,,600.0,,,3.2329,4.1378,0.905,1.0,11638.2010697215,11.345,Upper-Middle,10.0,0
JPN,Japan,2000,6.1,1.0,100.0,,,-0.2077,2.7646,2.9723,1.0,39169.3595701504,4.748,High,33.0,0
MMR,Myanmar,2025,7.7,3820.0,1355104.0,11000000.0,,1.3413,,,,,3.047,,10.0,0
CHN,China,2006,4.5,,20000.0,,,10.5693,12.6747,2.1054,1.0,2129.25696999613,4.43,Lower-Middle,,0
TJK,Tajikistan,2000,4.8,,6000.0,,,3.5644,8.3243,4.76,1.0,136.925716400723,4.15,Low,,0
AZE,Azerbaijan,2000,6.8,31.0,3294.0,10000.0,18217.0,7.7333,11.1,3.3667,1.0,655.097249579917,11.78,Low,61.1,0
PAK,Pakistan,2001,7.7,12.0,914292.0,500.0,886.0,3.4902,3.6514,0.1612,2.0,609.939506905073,0.611,Low,60.0,0
PNG,Papua New Guinea,2001,6.4,,201.0,,,-1.4695,-0.1213,1.3482,1.0,537.847459634131,2.801,Low,33.0,0
TUR,Türkiye,2001,5.5,,480.0,,,1.947,-5.4594,-7.4064,1.0,3052.2256706793,8.381,Lower-Middle,33.0,0
IRN,Iran (Islamic Republic of),2017,4.9,2.0,120.0,,,4.125,3.0269,-1.0981,3.0,6000.93346404409,12.232,Upper-Middle,,0
KEN,Kenya,2004,9.1,1.0,,100000.0,166075.0,2.4197,5.1043,2.6846,1.0,463.662781300121,2.844,Low,30.0,0
SOM,Somalia,2004,9.1,298.0,105083.0,100000.0,166075.0,7.4569,7.1103,-0.3466,,375.410326225387,18.653,Low,30.0,0
IRN,Iran (Islamic Republic of),2018,6.0,2.0,13255.0,,,3.4724,-3.748,-7.2203,2.0,4783.01067340237,12.195,Upper-Middle,9.0,0
PNG,Papua New Guinea,2018,6.7,25.0,,,,5.2008,-0.2793,-5.4801,4.0,2566.36833735041,2.65,Lower-Middle,20.49,0
SYC,Seychelles,2004,9.1,3.0,4830.0,30000.0,49823.0,-2.3152,-2.8505,-0.5353,1.0,10827.671636033,,Upper-Middle,30.0,0
IDN,Indonesia,2011,9.1,1.0,95.0,,,5.6221,6.1698,0.5476,1.0,3579.46442466152,5.153,Lower-Middle,29.0,0
PAK,Pakistan,2016,6.6,6.0,142.0,,,4.2337,6.5738,2.3401,1.0,1424.69161195897,2.285,Lower-Middle,10.0,0
ECU,Ecuador,2016,7.8,672.0,389364.0,2000000.0,2613996.0,3.8523,-0.688,-4.5403,1.0,5917.63771271481,4.597,Upper-Middle,24.0,0
USA,United States of America,2016,5.0,,120.0,20000.0,26140.0,2.5291,1.8195,-0.7096,2.0,57638.1018367192,4.869,High,,0
IRN,Iran (Islamic Republic of),2017,5.6,3.0,2262.0,2000.0,2559.0,4.125,3.0269,-1.0981,3.0,6000.93346404409,12.232,Upper-Middle,10.0,0
HTI,Haiti,2018,5.9,17.0,39336.0,,,1.9076,1.6678,-0.2398,,1496.38048970156,13.934,Lower-Middle,9.0,0
GTM,Guatemala,2017,7.7,,3601.0,,,3.738,3.0799,-0.6581,2.0,4324.99768915601,2.462,Upper-Middle,10.0,0
IRN,Iran (Islamic Republic of),2017,7.3,444.0,209000.0,740000.0,947006.0,4.125,3.0269,-1.0981,3.0,6000.93346404409,12.232,Upper-Middle,627.17,0
CHN,China,2017,6.4,,23403.0,,,7.0721,6.8913,-0.1808,4.0,8979.67652709856,4.47,Upper-Middle,222.0,0
PNG,Papua New Guinea,2018,7.5,145.0,544300.0,61000.0,76203.0,5.2008,-0.2793,-5.4801,4.0,2566.36833735041,2.65,Lower-Middle,19.0,0
TWN,Taiwan (Province of China),2018,6.4,84.0,285.0,100000.0,124923.0,,,,,,,,17.0,0
GRC,Greece,2001,6.5,,300.0,,,3.4112,4.6504,1.2392,1.0,12156.9572824221,10.764,Upper-Middle,33.0,0
IRN,Iran (Islamic Republic of),2001,4.9,,1000.0,,,3.3094,2.3922,-0.9172,1.0,1881.02266635283,12.362,Lower-Middle,,0
IDN,Indonesia,2018,6.4,14.0,102852.0,29000.0,36228.0,4.9931,5.1743,0.1812,1.0,3860.95353090726,4.387,Lower-Middle,17.0,0
IDN,Indonesia,2018,6.9,10.0,779.0,5000.0,6246.0,4.9931,5.1743,0.1812,1.0,3860.95353090726,4.387,Lower-Middle,35.0,0
IRN,Iran (Islamic Republic of),2018,6.3,,716.0,10000.0,12492.0,3.4724,-3.748,-7.2203,2.0,4783.01067340237,12.195,Upper-Middle,10.0,0
PHL,Philippines,2019,6.1,25.0,15555.0,50000.0,61349.0,6.8073,6.1185,-0.6888,3.0,3400.78949767074,2.237,Lower-Middle,122.0,0
PNG,Papua New Guinea,2019,7.6,,651.0,,,2.915,4.4805,1.5655,3.0,2575.77274140393,2.651,Lower-Middle,10.0,0
USA,United States of America,2019,7.1,,150.0,200000.0,245398.0,2.4145,2.5838,0.1693,2.0,64746.4506778863,3.669,High,146.0,0
JPN,Japan,2019,6.4,,460.0,,,1.0242,-0.4022,-1.4264,2.0,40415.9567649547,2.351,High,368.12,0
ALB,Albania,2019,5.6,,4608.0,45000.0,55215.0,3.6212,2.0626,-1.5586,2.0,6069.43903131027,11.466,Upper-Middle,38.67,0
IRN,Iran (Islamic Republic of),2020,5.8,,15075.0,,,-1.0275,4.4418,5.4693,1.0,3202.50003502169,9.687,Lower-Middle,117.0,0
MMR,Myanmar,2004,9.1,71.0,15700.0,500000.0,830377.0,12.4045,13.5647,1.1602,1.0,224.508811413327,0.677,Low,30.0,0
ITA,Italy,2016,6.2,296.0,4854.0,5000000.0,6534990.0,-0.3112,1.2362,1.5475,1.0,31391.5692898108,11.688,High,238.81,0
HTI,Haiti,2010,7.0,222570.0,3700000.0,8000000.0,11508590.0,4.4183,-5.6515,-10.0698,1.0,1209.72733503094,15.244,Lower-Middle,13.0,0
CHL,Chile,2010,8.8,562.0,2671556.0,30000000.0,43157213.0,2.6132,5.8517,3.2385,1.0,12632.8704724192,8.547,Upper-Middle,22.9,0
CHN,China,2014,6.2,731.0,1120513.0,5000000.0,6625285.0,8.3654,7.4619,-0.9035,,7781.06597484974,4.63,Upper-Middle,60.0,0
BGD,Bangladesh,2016,6.7,5.0,70.0,,,6.2091,7.1135,0.9044,1.0,1649.28380858601,4.35,Lower-Middle,55.0,0
JPN,Japan,2016,7.0,49.0,298432.0,20000000.0,26139958.0,1.2873,0.7538,-0.5335,1.0,39375.4731620781,3.132,High,10.0,0
IRN,Iran (Islamic Republic of),2019,5.9,6.0,23084.0,90000.0,110429.0,2.698,-2.3614,-5.0594,1.0,3997.4935449585,10.74,Lower-Middle,38.67,0
MMR,Myanmar,2016,6.8,4.0,1152.0,10000.0,13070.0,7.8629,5.8625,-2.0004,,1229.19713491328,1.058,Lower-Middle,82.0,0
NZL,New Zealand,2016,7.8,2.0,50.0,3900000.0,5097292.0,3.3688,3.7791,0.4103,1.0,40113.7195382428,5.147,High,24.0,0
CHN,China,2016,6.6,1.0,37200.0,5500.0,7188.0,7.4065,6.7756,-0.6309,5.0,8254.86859320357,4.56,Upper-Middle,10.0,0
JPN,Japan,2016,6.2,,493.0,100000.0,130700.0,1.2873,0.7538,-0.5335,1.0,39375.4731620781,3.132,High,238.81,0
GRC,Greece,2017,6.7,2.0,120.0,,,0.1774,1.4731,1.2957,1.0,18631.9930129293,21.413,High,9.0,0
TUR,Türkiye,2017,6.7,,360.0,,,4.5767,7.8259,3.2492,4.0,10756.3877677883,10.919,Upper-Middle,9.0,0
CHN,China,2017,6.5,29.0,218325.0,500000.0,639869.0,7.0721,6.8913,-0.1808,4.0,8979.67652709856,4.47,Upper-Middle,36.0,0
MEX,Mexico,2017,7.1,369.0,256000.0,6000000.0,7678427.0,2.3262,1.8717,-0.4545,4.0,9649.27816772402,3.419,Upper-Middle,48.0,0
KOR,Republic of Korea,2017,5.4,,5057.0,,,3.1022,3.4332,0.331,1.0,33296.9845439195,3.653,High,,0
IDN,Indonesia,2018,6.9,564.0,516927.0,790000.0,986888.0,4.9931,5.1743,0.1812,1.0,3860.95353090726,4.387,Lower-Middle,35.0,0
ECU,Ecuador,2019,8.0,,15.0,,,2.1089,0.1654,-1.9435,2.0,6205.05765246766,3.812,Upper-Middle,122.57,0
TJK,Tajikistan,2002,5.3,3.0,1050.0,,,7.2016,10.8,3.5984,1.0,186.951638285222,3.95,Low,,0
IDN,Indonesia,2019,7.2,8.0,11804.0,,,5.0924,5.0193,-0.0731,3.0,4106.94856160358,3.59,Lower-Middle,18.98,0
IDN,Indonesia,2019,6.5,31.0,247418.0,,,5.0924,5.0193,-0.0731,3.0,4106.94856160358,3.59,Lower-Middle,38.0,0
TUR,Türkiye,2019,5.7,1.0,1453.0,,,4.8726,1.3016,-3.5709,2.0,9395.23378001368,13.73,Upper-Middle,38.67,0
PHL,Philippines,2019,6.4,7.0,3283.0,,,6.8073,6.1185,-0.6888,3.0,3400.78949767074,2.237,Lower-Middle,368.12,0
ALB,Albania,2019,6.4,51.0,202913.0,700000.0,858892.0,3.6212,2.0626,-1.5586,2.0,6069.43903131027,11.466,Upper-Middle,368.12,0
PHL,Philippines,2019,6.8,14.0,394565.0,,,6.8073,6.1185,-0.6888,3.0,3400.78949767074,2.237,Lower-Middle,570.41,0
BGD,Bangladesh,2004,9.1,2.0,,500000.0,830377.0,4.55,5.2395,0.6895,1.0,455.614016909798,4.316,Low,30.0,0
LKA,Sri Lanka,2004,9.1,35399.0,1019306.0,1316500.0,2186384.0,2.7865,5.4451,2.6585,1.0,1028.62068132555,8.38,Low,30.0,0
MDV,Maldives,2004,9.1,102.0,27214.0,470100.0,780721.0,5.6916,5.9249,0.2333,2.0,4070.2609459446,6.151,Lower-Middle,30.0,0
MYS,Malaysia,2004,9.1,80.0,5063.0,500000.0,830377.0,3.8991,6.7834,2.8844,1.0,4939.24851854427,3.54,Upper-Middle,30.0,0
THA,Thailand,2004,9.1,8345.0,67007.0,1000000.0,1660755.0,5.5942,6.2893,0.6952,,2641.56268717857,1.51,Lower-Middle,30.0,0
PHL,Philippines,2017,6.7,8.0,16857.0,13974.0,17883.0,6.6153,6.931,0.3157,5.0,3038.12124959289,2.552,Lower-Middle,9.0,0
TUR,Türkiye,2002,6.5,42.0,252327.0,95000.0,165673.0,-0.509,6.4355,6.9445,1.0,3591.08628982587,10.358,Lower-Middle,5.0,0
IDN,Indonesia,2007,8.4,25.0,459567.0,500000.0,756451.0,5.4081,6.345,0.9369,1.0,1823.21976255073,8.06,Lower-Middle,34.0,0
PNG,Papua New Guinea,2002,6.7,1.0,1000.0,,,-0.2535,-0.1589,0.0946,1.0,506.331789534482,2.756,Low,11.0,0
SRB,Serbia,2010,5.5,2.0,27030.0,132260.0,190266.0,3.2835,1.611,-1.6725,,5970.92660940072,19.204,Upper-Middle,35.0,0
IDN,Indonesia,2012,8.6,7.0,107.0,,,5.6742,6.0301,0.3559,,3632.27254030331,4.468,Lower-Middle,20.0,0
IND,India,2016,6.7,8.0,10808.0,75000.0,98025.0,7.2642,8.2563,0.9921,5.0,1707.50892912243,7.611,Lower-Middle,55.0,0
ECU,Ecuador,2016,6.8,1.0,147.0,,,3.8523,-0.688,-4.5403,1.0,5917.63771271481,4.597,Upper-Middle,82.0,0
KOR,Republic of Korea,2016,5.4,,29832.0,21000.0,27447.0,3.1421,3.1715,0.0294,1.0,30832.0628072516,3.65,High,,0
ITA,Italy,2016,6.1,1.0,3027.0,200000.0,261400.0,-0.3112,1.2362,1.5475,1.0,31391.5692898108,11.688,High,582.56,0
ITA,Italy,2016,6.5,,22292.0,200000.0,261400.0,-0.3112,1.2362,1.5475,1.0,31391.5692898108,11.688,High,13.0,0
IRN,Iran (Islamic Republic of),2002,5.4,1.0,780.0,,,3.4135,8.0788,4.6654,1.0,1891.25756091033,12.8,Lower-Middle,,0
SLB,Solomon Islands,2016,7.8,,9770.0,,,2.7009,5.5549,2.854,1.0,2082.62383124213,0.736,Lower-Middle,24.0,0
CHN,China,2019,5.8,13.0,244220.0,1300000.0,1595086.0,6.8078,6.0685,-0.7393,2.0,10342.9009524335,4.56,Upper-Middle,38.67,0
PHL,Philippines,2017,5.9,,25000.0,2000.0,2559.0,6.6153,6.931,0.3157,5.0,3038.12124959289,2.552,Lower-Middle,10.0,0
PAK,Pakistan,2002,6.3,3.0,,,,3.8572,2.5948,-1.2624,1.0,599.937345723927,0.615,Low,138.1,0
GRC,Greece,2017,6.3,1.0,731.0,,,0.1774,1.4731,1.2957,1.0,18631.9930129293,21.413,High,551.62,0
PHL,Philippines,2017,6.5,3.0,16500.0,4364.0,5585.0,6.6153,6.931,0.3157,5.0,3038.12124959289,2.552,Lower-Middle,36.0,0
IND,India,2004,9.1,16389.0,654512.0,1022800.0,1698620.0,5.4961,7.9229,2.4268,1.0,624.258826510066,7.598,Low,30.0,0
IDN,Indonesia,2017,6.5,4.0,8895.0,,,4.972,5.0698,0.0978,1.0,3798.88326174526,3.783,Lower-Middle,36.0,0
CHL,Chile,2019,6.7,2.0,780.0,,,2.3669,0.6344,-1.7326,2.0,14495.716721687,7.493,High,63.0,0
SLV,El Salvador,2019,6.6,1.0,160.0,,,2.3997,2.4375,0.0378,2.0,4320.11671534627,4.17,Upper-Middle,43.21,0
PER,Peru,2019,8.0,2.0,4272.0,,,3.4805,2.2406,-1.2399,2.0,7037.00803692604,3.379,Upper-Middle,122.57,0
PAK,Pakistan,2019,5.6,39.0,130398.0,17000.0,20859.0,5.7194,2.4976,-3.2218,2.0,1390.41690981745,4.83,Lower-Middle,38.67,0
ECU,Ecuador,2019,7.5,,249.0,,,2.1089,0.1654,-1.9435,2.0,6205.05765246766,3.812,Upper-Middle,145.0,0
PHL,Philippines,2019,6.5,23.0,260703.0,,,6.8073,6.1185,-0.6888,3.0,3400.78949767074,2.237,Lower-Middle,38.0,0
TUR,Türkiye,2020,5.8,9.0,3050.0,,,4.1985,1.8031,-2.3955,1.0,8798.11791709313,13.148,Upper-Middle,117.0,0
IDN,Indonesia,2004,9.1,165708.0,532898.0,4451600.0,7393017.0,4.3078,5.0309,0.7231,1.0,1126.84004447173,7.303,Lower-Middle,30.0,0
TZA,United Republic of Tanzania,2004,9.1,10.0,,,,6.6123,7.5038,0.8916,1.0,450.385284423828,3.105,Low,30.0,0
IDN,Indonesia,2005,8.6,915.0,105313.0,,,4.7702,5.6926,0.9223,1.0,1238.21447629488,7.945,Lower-Middle,30.0,0
JPN,Japan,2011,9.1,19846.0,368820.0,210000000.0,292855483.0,-0.9399,0.0238,0.9637,1.0,48760.0789494211,4.55,High,29.0,0
TWN,Taiwan (Province of China),2016,6.4,117.0,525.0,700000.0,914899.0,,,,,,,,23.0,0
TZA,United Republic of Tanzania,2016,5.9,17.0,139601.0,458000.0,598605.0,6.5582,6.8671,0.3089,1.0,953.0107421875,1.931,Low,10.0,0
UGA,Uganda,2016,5.9,4.0,590.0,,,4.627,4.781,0.154,2.0,752.696571725656,3.002,Low,10.0,0
MKD,North Macedonia,2016,5.1,,100.0,10000.0,13070.0,3.4701,2.8482,-0.6219,3.0,5598.48622617967,24.312,Upper-Middle,,0
IDN,Indonesia,2016,6.5,104.0,86018.0,100000.0,130700.0,5.1468,5.0331,-0.1137,2.0,3521.46943457574,4.301,Lower-Middle,13.0,0
ITA,Italy,2017,5.3,29.0,11.0,18000.0,23035.0,0.7068,1.6037,0.8969,1.0,32844.115660604,11.211,High,,0
IRN,Iran (Islamic Republic of),2002,5.4,2.0,20056.0,,,3.4135,8.0788,4.6654,1.0,1891.25756091033,12.8,Lower-Middle,,0
GEO,Georgia,2002,4.8,6.0,19156.0,350000.0,610375.0,3.1717,5.474,2.3024,1.0,853.526171868939,12.59,Low,,0
MEX,Mexico,2017,8.1,98.0,1200250.0,2300000.0,2943397.0,2.3262,1.8717,-0.4545,4.0,9649.27816772402,3.419,Upper-Middle,47.39,0
IRQ,Iraq,2017,7.3,10.0,5969.0,,,6.2193,-1.8198,-8.039,5.0,4759.2846435467,13.02,Upper-Middle,627.17,0
IDN,Indonesia,2018,6.0,1.0,13811.0,80000.0,99938.0,4.9931,5.1743,0.1812,1.0,3860.95353090726,4.387,Lower-Middle,9.0,0
JPN,Japan,2018,5.5,5.0,20715.0,3250000.0,4059983.0,1.3299,0.6434,-0.6865,3.0,39751.1330982711,2.467,High,9.0,0
MEX,Mexico,2018,7.2,,3004.0,,,2.1155,1.9721,-0.1434,3.0,10084.7937562021,3.275,Upper-Middle,22.0,0
IDN,Indonesia,2018,7.5,4140.0,2000000.0,1450000.0,1811377.0,4.9931,5.1743,0.1812,1.0,3860.95353090726,4.387,Lower-Middle,19.0,0
IDN,Indonesia,2019,6.9,6.0,2104.0,,,5.0924,5.0193,-0.0731,3.0,4106.94856160358,3.59,Lower-Middle,35.0,0
IRN,Iran (Islamic Republic of),2002,6.5,227.0,111300.0,300000.0,523178.0,3.4135,8.0788,4.6654,1.0,1891.25756091033,12.8,Lower-Middle,5.0,0
ARG,Argentina,2002,6.0,,727.0,,,-2.8611,-10.8945,-8.0334,1.0,2569.69963519124,19.59,Lower-Middle,10.0,0
NPL,Nepal,2022,5.7,6.0,30008.0,,,3.0419,5.6313,2.5895,2.0,1385.91066274851,10.661,Lower-Middle,104.0,0
PHL,Philippines,2022,6.4,,147422.0,1400.0,1501.0,0.7717,7.581,6.8093,1.0,3548.06930572116,2.598,Lower-Middle,11.0,0
PNG,Papua New Guinea,2002,7.6,4.0,4470.0,,,-0.2535,-0.1589,0.0946,1.0,506.331789534482,2.756,Low,13.0,0
CHN,China,2016,4.8,2.0,5000.0,60000.0,78420.0,7.4065,6.7756,-0.6309,5.0,8254.86859320357,4.56,Upper-Middle,,0
TJK,Tajikistan,2010,5.4,,7840.0,1500.0,2158.0,6.5333,6.5,-0.0333,1.0,737.338883219356,7.037,Low,,0
CHN,China,2016,6.0,,9120.0,135000.0,176445.0,7.4065,6.7756,-0.6309,5.0,8254.86859320357,4.56,Upper-Middle,10.0,0
CHN,China,2017,5.4,8.0,7623.0,123000.0,157408.0,7.0721,6.8913,-0.1808,4.0,8979.67652709856,4.47,Upper-Middle,,0
PER,Peru,2016,5.5,4.0,11182.0,,,3.829,3.9533,0.1243,2.0,6217.03599995447,3.741,Upper-Middle,10.0,0
IDN,Indonesia,2016,5.6,1.0,1172.0,,,5.1468,5.0331,-0.1137,2.0,3521.46943457574,4.301,Lower-Middle,10.0,0
PER,Peru,2016,6.3,1.0,257.0,,,3.829,3.9533,0.1243,2.0,6217.03599995447,3.741,Upper-Middle,10.0,0
TUR,Türkiye,2025,6.1,1.0,1513.0,10000.0,,4.6047,,,,,8.52,,70.0,0
PAK,Pakistan,2002,5.4,17.0,15065.0,,,3.8572,2.5948,-1.2624,1.0,599.937345723927,0.615,Low,,0
PAK,Pakistan,2002,6.3,19.0,140782.0,,,3.8572,2.5948,-1.2624,1.0,599.937345723927,0.615,Low,138.1,0
CHN,China,2012,5.3,,5500.0,96000.0,131163.0,9.8201,7.8562,-1.9639,,6405.0574241349,4.58,Upper-Middle,,0
GRC,Greece,2002,5.7,,167.0,,,3.8157,4.6831,0.8675,1.0,13782.195640943,10.346,High,10.0,0
IRN,Iran (Islamic Republic of),2002,5.6,,5.0,,,3.4135,8.0788,4.6654,1.0,1891.25756091033,12.8,Lower-Middle,10.0,0
AFG,Afghanistan,2025,6.0,2200.0,1304700.0,180000.0,,-1.9866,,,,,13.351,,16.0,0
PER,Peru,2018,7.1,2.0,9319.0,,,3.2415,3.9694,0.7279,3.0,6978.49121548627,3.492,Upper-Middle,39.0,0
CHN,China,2018,5.3,,12000.0,29000.0,36228.0,6.8819,6.7567,-0.1251,3.0,10085.6638148819,4.31,Upper-Middle,,0
CHN,China,2018,5.0,,18024.0,50000.0,62461.0,6.8819,6.7567,-0.1251,3.0,10085.6638148819,4.31,Upper-Middle,,0
IRN,Iran (Islamic Republic of),2018,5.8,,5042.0,10000.0,12492.0,3.4724,-3.748,-7.2203,2.0,4783.01067340237,12.195,Upper-Middle,9.0,0
JPN,Japan,2018,6.6,41.0,6280.0,1250000.0,1561532.0,1.3299,0.6434,-0.6865,3.0,39751.1330982711,2.467,High,10.0,0
IDN,Indonesia,2019,5.4,,1763.0,,,5.0924,5.0193,-0.0731,3.0,4106.94856160358,3.59,Lower-Middle,,0
IRN,Iran (Islamic Republic of),2019,5.6,1.0,2100.0,,,2.698,-2.3614,-5.0594,1.0,3997.4935449585,10.74,Lower-Middle,38.67,0
PHL,Philippines,2019,6.0,9.0,3027.0,5258.0,6452.0,6.8073,6.1185,-0.6888,3.0,3400.78949767074,2.237,Lower-Middle,38.67,0
PHL,Philippines,2019,6.6,10.0,26025.0,,,6.8073,6.1185,-0.6888,3.0,3400.78949767074,2.237,Lower-Middle,43.21,0
FRA,France,2019,4.8,,754.0,,,1.5299,2.0274,0.4976,2.0,40408.2848574751,8.415,High,,0
PRI,Puerto Rico,2020,6.4,4.0,5078.0,800000.0,969630.0,-1.8571,-4.1809,-2.3238,1.0,31427.1130762831,8.89,High,6.0,0
GTM,Guatemala,2001,7.7,6.0,152.0,50.0,89.0,4.1498,2.3326,-1.8172,5.0,1537.68663578252,2.251,Lower-Middle,60.0,0
JPN,Japan,2016,6.2,9.0,120800.0,,,1.2873,0.7538,-0.5335,1.0,39375.4731620781,3.132,High,238.81,0
TJK,Tajikistan,2016,5.0,,155.0,,,6.7064,6.9,0.1936,1.0,788.710481734485,7.036,Low,,0
ITA,Italy,2017,4.3,2.0,2642.0,,,0.7068,1.6037,0.8969,1.0,32844.115660604,11.211,High,,0
SLV,El Salvador,2018,5.4,,2500.0,,,2.3956,2.4124,0.0169,1.0,4183.54620971358,4.006,Lower-Middle,,0
CHN,China,2019,4.9,2.0,32772.0,2000.0,2454.0,6.8078,6.0685,-0.7393,2.0,10342.9009524335,4.56,Upper-Middle,,0
IDN,Indonesia,2019,5.6,6.0,22462.0,,,5.0924,5.0193,-0.0731,3.0,4106.94856160358,3.59,Lower-Middle,38.67,0
PHL,Philippines,2019,5.8,,9577.0,,,6.8073,6.1185,-0.6888,3.0,3400.78949767074,2.237,Lower-Middle,38.67,0
CHN,China,2019,5.0,1.0,15582.0,,,6.8078,6.0685,-0.7393,2.0,10342.9009524335,4.56,Upper-Middle,,0
TUR,Türkiye,2020,6.7,41.0,70607.0,340000.0,412093.0,4.1985,1.8031,-2.3955,1.0,8798.11791709313,13.148,Upper-Middle,10.0,0
CHN,China,2017,5.0,,2106.0,31000.0,39672.0,7.0721,6.8913,-0.1808,4.0,8979.67652709856,4.47,Upper-Middle,,0
AFG,Afghanistan,2025,6.3,26.0,1412172.0,10000.0,,-1.9866,,,,,13.351,,10.0,0
IDN,Indonesia,2016,5.6,,3410.0,,,5.1468,5.0331,-0.1137,2.0,3521.46943457574,4.301,Lower-Middle,10.0,0
KGZ,Kyrgyzstan,2017,6.0,,5000.0,,,4.0786,4.7399,0.6614,2.0,1221.39046807082,4.425,Lower-Middle,10.0,0
PNG,Papua New Guinea,2018,6.0,11.0,,,,5.2008,-0.2793,-5.4801,4.0,2566.36833735041,2.65,Lower-Middle,9.0,0
ALB,Albania,2019,5.2,,304.0,,,3.6212,2.0626,-1.5586,2.0,6069.43903131027,11.466,Upper-Middle,,0
ETH,Ethiopia,2025,5.2,2.0,99952.0,,,6.5096,,,,,3.323,,,0
PAK,Pakistan,2022,5.9,43.0,,,,2.5791,4.7781,2.199,2.0,1538.3228133171,5.291,Lower-Middle,104.0,0
CHN,China,2003,6.4,,3300.0,,,8.7142,10.1182,1.404,1.0,1306.97245408557,4.58,Lower-Middle,10.0,0
BIH,Bosnia and Herzegovina,2022,5.6,1.0,1052.0,26000.0,27869.0,2.4208,4.2268,1.806,2.0,7655.59421024383,12.657,Upper-Middle,104.0,0
AFG,Afghanistan,2003,4.6,1.0,1001.0,,,9.584,8.8323,-0.7517,2.0,198.871115728727,7.844,Low,,0
KAZ,Kazakhstan,2003,5.5,3.0,36626.0,,,11.0333,9.3,-1.7333,,1958.02050246511,8.78,Lower-Middle,10.0,0
IRN,Iran (Islamic Republic of),2003,5.2,,1091.0,,,5.4388,8.6393,3.2005,4.0,2208.99636552406,11.529,Lower-Middle,,0
IDN,Indonesia,2022,6.0,,6003.0,,,2.2189,5.3072,3.0883,1.0,4730.83484836107,3.462,Upper-Middle,104.0,0
TWN,Taiwan (Province of China),2022,6.5,1.0,140.0,50000.0,53594.0,,,,,,,,8.0,0
ECU,Ecuador,2025,6.3,,3081.0,,,1.9518,,,,,3.308,,10.0,0
IRN,Iran (Islamic Republic of),2003,6.6,26796.0,267628.0,500000.0,852609.0,5.4388,8.6393,3.2005,4.0,2208.99636552406,11.529,Lower-Middle,19.0,0
TUR,Türkiye,2003,4.5,,240.0,,,2.6538,5.7991,3.1453,1.0,4649.63668068586,10.542,Upper-Middle,,0
IRN,Iran (Islamic Republic of),2003,5.0,,725.0,,,5.4388,8.6393,3.2005,4.0,2208.99636552406,11.529,Lower-Middle,,0
TUR,Türkiye,2003,5.8,,170.0,,,2.6538,5.7991,3.1453,1.0,4649.63668068586,10.542,Upper-Middle,10.0,0
IRN,Iran (Islamic Republic of),2023,5.7,,41678.0,50000.0,51475.0,4.3085,5.3324,1.0238,,5049.29931642754,8.129,Upper-Middle,203.0,0
IDN,Indonesia,2004,7.0,37.0,14072.0,1000.0,1661.0,4.3078,5.0309,0.7231,1.0,1126.84004447173,7.303,Lower-Middle,16.6,0
IDN,Indonesia,2004,5.1,5.0,507.0,,,4.3078,5.0309,0.7231,1.0,1126.84004447173,7.303,Lower-Middle,,0
TUR,Türkiye,2004,5.6,9.0,4030.0,,,2.2584,9.9254,7.667,1.0,5979.6054216148,10.838,Upper-Middle,10.0,0
MEX,Mexico,2026,6.5,1.0,16152.0,,,2.3905,,,,,,,18.0,0
IRN,Iran (Islamic Republic of),2004,6.3,35.0,498.0,165000.0,274025.0,6.3701,4.3367,-2.0334,3.0,2672.4226651404,10.3,Lower-Middle,57.7,0
PAK,Pakistan,2026,5.6,1.0,152.0,,,1.317,,,,,,,10.0,0
JPN,Japan,2024,7.5,699.0,169562.0,15000000.0,15000000.0,1.7045,0.1043,-1.6002,,32487.0778047567,2.5,High,10.0,0
COL,Colombia,2004,5.1,1.0,502.0,,,2.7001,5.333,2.633,1.0,2818.57195413044,13.717,Lower-Middle,,0
JPN,Japan,2004,6.6,40.0,62183.0,28000000.0,46501138.0,0.6544,2.1861,1.5317,1.0,38298.9801712303,4.734,High,10.0,0
IDN,Indonesia,2004,7.1,32.0,12833.0,55000.0,91342.0,4.3078,5.0309,0.7231,1.0,1126.84004447173,7.303,Lower-Middle,22.0,0
PHL,Philippines,2025,6.9,79.0,755292.0,100000.0,,6.264,,,,,2.235,,10.0,0
CHN,China,2004,5.5,,4199.0,,,9.2247,10.1314,0.9067,1.0,1530.92726215723,4.49,Lower-Middle,10.0,0
CHN,China,2003,6.0,16.0,1295584.0,75000.0,127891.0,8.7142,10.1182,1.404,1.0,1306.97245408557,4.58,Lower-Middle,10.0,0
IRN,Iran (Islamic Republic of),2005,5.4,,110.0,,,7.0183,3.1898,-3.8285,2.0,3132.0508192007,11.813,Lower-Middle,,0
IDN,Indonesia,2005,6.3,1.0,684.0,,,4.7702,5.6926,0.9223,1.0,1238.21447629488,7.945,Lower-Middle,42.0,0
IRN,Iran (Islamic Republic of),2005,6.4,612.0,94766.0,80000.0,128501.0,7.0183,3.1898,-3.8285,2.0,3132.0508192007,11.813,Lower-Middle,30.0,0
TUR,Türkiye,2005,5.8,,2268.0,,,7.3867,9.1116,1.7249,5.0,7331.85429430255,10.636,Upper-Middle,10.0,0
SLV,El Salvador,2005,4.8,1.0,751.0,,,1.3426,2.6808,1.3383,1.0,2447.39140845394,7.22,Lower-Middle,,0
TUR,Türkiye,2005,5.6,,354.0,,,7.3867,9.1116,1.7249,5.0,7331.85429430255,10.636,Upper-Middle,10.0,0
TUR,Türkiye,2011,5.8,3.0,10121.0,244000.0,340270.0,1.5265,10.98,9.4534,1.0,11373.6355760885,9.789,Upper-Middle,36.0,0
PER,Peru,2021,7.2,,17912.0,,,-1.5744,13.3626,14.9371,1.0,6826.20255614477,5.097,Upper-Middle,10.0,0
AFG,Afghanistan,2012,5.7,75.0,3548.0,,,12.0598,12.7523,0.6925,,651.417134470046,7.875,Low,10.0,0
AFG,Afghanistan,2005,7.6,1.0,,50.0,80.0,12.9488,11.2297,-1.7191,2.0,254.184249149336,7.878,Low,90.0,0
IND,India,2005,7.6,1309.0,156622.0,1000000.0,1606259.0,6.5291,7.9234,1.3943,1.0,710.488080408949,7.551,Low,90.0,0
IDN,Indonesia,2009,7.0,128.0,339792.0,160000.0,233947.0,5.9532,4.6289,-1.3244,1.0,2218.48541852977,6.106,Lower-Middle,25.0,0
IDN,Indonesia,2006,6.3,5778.0,3177923.0,3100000.0,4823789.0,5.1679,5.501,0.333,1.0,1558.31562847163,7.551,Lower-Middle,40.0,0
COL,Colombia,2004,7.2,,8036.0,,,2.7001,5.333,2.633,1.0,2818.57195413044,13.717,Lower-Middle,14.0,0
IRN,Iran (Islamic Republic of),2005,6.0,,21912.0,,,7.0183,3.1898,-3.8285,2.0,3132.0508192007,11.813,Lower-Middle,10.0,0
IRN,Iran (Islamic Republic of),2006,6.1,63.0,161418.0,42262.0,65762.0,5.3886,4.9998,-0.3888,1.0,3618.91601364428,11.519,Lower-Middle,7.4,0
IRN,Iran (Islamic Republic of),2006,5.0,,70.0,,,5.3886,4.9998,-0.3888,1.0,3618.91601364428,11.519,Lower-Middle,,0
TJK,Tajikistan,2006,5.6,3.0,15427.0,22000.0,34233.0,9.3333,7.0,-2.3333,,401.018403316427,3.65,Low,32.5,0
COL,Colombia,2007,6.8,,175.0,,,5.6262,6.7382,1.112,4.0,4769.926147194,11.204,Upper-Middle,350.4,0
BRB,Barbados,2007,7.4,,1.0,,,3.8125,2.0792,-1.7334,,17235.4396434785,7.41,High,10.0,0
LCA,Saint Lucia,2007,7.4,,,,,4.3508,1.6916,-2.6592,1.0,7964.38211480117,14.0,Upper-Middle,10.0,0
COD,Democratic Republic of the Congo,2008,5.9,11.0,17355.0,7000.0,10199.0,6.5913,7.4017,0.8104,2.0,352.900363371995,3.627,Low,35.0,0
IDN,Indonesia,2013,6.1,1.0,515.0,,,6.1412,5.5573,-0.584,,3566.60284506078,4.336,Lower-Middle,10.0,0
IRN,Iran (Islamic Republic of),2008,4.5,,170.0,,,5.4485,0.2509,-5.1976,2.0,5377.4115072957,10.63,Upper-Middle,,0
JPN,Japan,2008,6.8,1.0,470.0,110000.0,160267.0,1.5534,-1.2243,-2.7777,2.0,39876.3039685725,4.002,High,14.0,0
CHN,China,2013,5.2,,427740.0,56000.0,75407.0,9.3046,7.7787,-1.5259,,7147.03518622344,4.6,Upper-Middle,,0
IRN,Iran (Islamic Republic of),2008,6.1,6.0,20545.0,,,5.4485,0.2509,-5.1976,2.0,5377.4115072957,10.63,Upper-Middle,10.0,0
PAK,Pakistan,2008,6.4,166.0,75320.0,10000.0,14570.0,5.9243,2.1204,-3.8039,,1067.04324565284,0.423,Low,10.0,0
ALB,Albania,2009,5.5,,150.0,,,6.4754,2.6908,-3.7846,,4213.65007574693,13.674,Lower-Middle,16.0,0
IRN,Iran (Islamic Republic of),2009,5.0,,269.0,,,4.4688,1.0074,-3.4614,1.0,5415.52280553446,12.113,Upper-Middle,,0
IRN,Iran (Islamic Republic of),2010,5.0,,750.0,,,3.138,5.7979,2.6599,4.0,6291.19443655454,13.679,Upper-Middle,,0
IRN,Iran (Islamic Republic of),2010,5.5,,274.0,,,3.138,5.7979,2.6599,4.0,6291.19443655454,13.679,Upper-Middle,35.0,0
CHN,China,2021,6.1,3.0,39028.0,516000.0,597349.0,5.0551,8.5701,3.5149,2.0,12887.4357242941,4.55,Upper-Middle,21.0,0
IRN,Iran (Islamic Republic of),2010,4.9,,104.0,,,3.138,5.7979,2.6599,4.0,6291.19443655454,13.679,Upper-Middle,,0
IRN,Iran (Islamic Republic of),2010,6.7,7.0,25.0,,,3.138,5.7979,2.6599,4.0,6291.19443655454,13.679,Upper-Middle,18.0,0
AFG,Afghanistan,2010,5.6,11.0,1070.0,,,13.0473,14.3624,1.3152,,560.621505463146,7.809,Low,35.0,0
IRN,Iran (Islamic Republic of),2010,5.8,3.0,3600.0,,,3.138,5.7979,2.6599,4.0,6291.19443655454,13.679,Upper-Middle,35.0,0
PAK,Pakistan,2011,7.2,2.0,1000.0,,,2.3649,2.6801,0.3152,1.0,1131.73513834324,0.796,Lower-Middle,24.0,0
JPN,Japan,2003,7.4,2.0,773.0,563000.0,960037.0,1.0642,1.5351,0.4709,1.0,35387.0374203599,5.251,High,33.0,0
TJK,Tajikistan,2011,6.1,,,,,6.1,7.4,1.3,1.0,833.601978202852,7.04,Low,112.2,0
GTM,Guatemala,2011,5.6,3.0,400.0,,,2.2182,4.1639,1.9457,1.0,3168.98370607705,3.169,Lower-Middle,36.0,0
TZA,United Republic of Tanzania,2000,6.5,1.0,791.0,,,4.0326,4.5208,0.4882,1.0,401.698150634766,3.129,Low,33.0,0
CHN,China,2001,5.6,3.0,300109.0,24000.0,42518.0,8.0814,8.3126,0.2312,1.0,1065.40597574519,3.8,Low,33.0,0
TJK,Tajikistan,2012,5.7,2.0,2531.0,,,5.9333,7.5,1.5667,1.0,952.452819695469,7.022,Low,10.0,0
IRN,Iran (Islamic Republic of),2012,6.4,306.0,61546.0,500000.0,683139.0,3.1503,-3.7472,-6.8975,2.0,8114.08099831877,12.275,Upper-Middle,28.0,0
DZA,Algeria,2006,5.2,4.0,319.0,,,5.4667,2.9,-2.5667,,3660.66104745322,12.27,Lower-Middle,,0
IRN,Iran (Islamic Republic of),2012,5.1,,238.0,,,3.1503,-3.7472,-6.8975,2.0,8114.08099831877,12.275,Upper-Middle,,0
IRN,Iran (Islamic Republic of),2013,6.4,37.0,4350.0,600000.0,807931.0,1.5655,-1.522,-3.0875,1.0,6222.74194840326,10.595,Upper-Middle,10.0,0
CHN,China,2021,5.4,3.0,195.0,125000.0,144707.0,5.0551,8.5701,3.5149,2.0,12887.4357242941,4.55,Upper-Middle,,0
IND,India,2013,5.7,3.0,59350.0,120000.0,161586.0,6.3984,6.3861,-0.0123,1.0,1432.84397512195,7.678,Lower-Middle,15.0,0
IRN,Iran (Islamic Republic of),2021,5.9,,3543.0,,,-0.5559,4.1309,4.6868,1.0,4605.14881318992,9.282,Upper-Middle,16.0,0
IND,India,2021,6.4,2.0,3010.0,,,1.5159,9.6896,8.1737,1.0,2239.61384367482,6.38,Lower-Middle,20.81,0
PAK,Pakistan,2013,6.8,22.0,50.0,,,2.4031,4.3669,1.9637,1.0,1225.4340119198,2.954,Lower-Middle,45.0,0
IRN,Iran (Islamic Republic of),2013,5.8,8.0,1620.0,,,1.5655,-1.522,-3.0875,1.0,6222.74194840326,10.595,Upper-Middle,15.0,0
CHL,Chile,2014,8.2,6.0,513387.0,100000.0,132506.0,5.2292,1.7926,-3.4366,,14529.6767206336,6.761,High,25.0,0
COL,Colombia,2015,6.2,,41236.0,,,4.5152,2.9559,-1.5593,,6248.51490534512,8.572,Upper-Middle,484.12,0
COD,Democratic Republic of the Congo,2015,5.5,3.0,390.0,,,8.5318,6.3597,-2.172,,495.826633014883,4.441,Low,7.08,0
AFG,Afghanistan,2015,6.3,,407.0,,,7.0259,1.4513,-5.5745,,565.569730408751,9.032,Low,172.0,0
PAK,Pakistan,2015,6.3,3.0,85.0,,,3.837,4.2179,0.381,1.0,1380.47020838317,3.566,Lower-Middle,172.0,0
IDN,Indonesia,2022,5.6,334.0,2204645.0,,,2.2189,5.3072,3.0883,1.0,4730.83484836107,3.462,Upper-Middle,104.0,0
CHN,China,2007,6.1,3.0,329.0,342000.0,517413.0,11.4214,14.15,2.7285,,2734.72709877693,4.35,Lower-Middle,11.0,0
TUR,Türkiye,2020,5.4,,278.0,,,4.1985,1.8031,-2.3955,1.0,8798.11791709313,13.148,Upper-Middle,,0
GRC,Greece,2020,7.0,2.0,919.0,,,1.9383,-9.1962,-11.1346,1.0,17886.733165236,15.899,High,143.0,0
TJK,Tajikistan,2021,5.9,5.0,100.0,,,6.4667,9.4,2.9333,1.0,896.748053372182,7.687,Low,16.0,0
PAK,Pakistan,2021,5.9,21.0,64100.0,,,2.4584,6.5139,4.0555,1.0,1455.31922370186,6.338,Lower-Middle,16.0,0
IRN,Iran (Islamic Republic of),2021,6.3,1.0,36588.0,165000.0,191013.0,-0.5559,4.1309,4.6868,1.0,4605.14881318992,9.282,Upper-Middle,224.0,0
ECU,Ecuador,2021,7.2,,39.0,,,-2.6785,9.4219,12.1004,1.0,6061.32350181711,4.504,Upper-Middle,10.0,0
IRN,Iran (Islamic Republic of),2022,6.1,5.0,22300.0,143000.0,153278.0,2.0704,4.3528,2.2824,1.0,4721.20437099984,9.085,Upper-Middle,17.0,0
PNG,Papua New Guinea,2022,7.6,7.0,1969.0,,,0.2672,5.7076,5.4403,1.0,3102.28968594061,2.689,Lower-Middle,116.0,0
IDN,Indonesia,2023,5.1,4.0,2136.0,,,2.3149,5.049,2.7342,1.0,4876.30774512252,3.308,Upper-Middle,,0
SYR,Syrian Arab Republic,2023,6.3,,470.0,,,0.6299,,,,,13.27,,405.0,0
TUR,Türkiye,2023,6.3,6.0,294.0,,,6.3518,5.0451,-1.3067,,13375.0947282864,9.388,High,405.0,0
SYR,Syrian Arab Republic,2023,5.2,,150.0,,,0.6299,,,,,13.27,,,0
TUR,Türkiye,2023,5.2,1.0,200.0,,,6.3518,5.0451,-1.3067,,13375.0947282864,9.388,High,,0
PER,Peru,2023,6.8,1.0,141.0,,,1.7461,-0.4032,-2.1494,1.0,7887.54185920108,4.899,Upper-Middle,596.837,0
AFG,Afghanistan,2023,6.5,5.0,3345.0,,,-9.7767,2.2669,12.0436,,413.757894705303,14.008,Low,17.0,0
PAK,Pakistan,2023,6.5,11.0,939.0,,,3.3393,-0.4149,-3.7542,,1360.32417758419,5.237,Lower-Middle,17.0,0
TJK,Tajikistan,2023,4.8,,2205.0,,,7.2667,8.3,1.0333,1.0,1178.47990060249,7.037,Lower-Middle,,0
CHN,China,2023,5.3,,8410.0,30000.0,30885.0,4.6815,5.4148,0.7334,1.0,12951.1782397043,4.67,Upper-Middle,,0
JPN,Japan,2023,6.2,1.0,2254.0,,,-0.1767,1.475,1.6518,1.0,33836.1756271617,2.6,High,34.0,0
FRA,France,2023,4.8,,752.0,445000.0,458125.0,0.7195,1.4392,0.7197,1.0,44700.1384177544,7.335,High,,0
IDN,Indonesia,2023,5.8,1.0,1120.0,,,2.3149,5.049,2.7342,1.0,4876.30774512252,3.308,Upper-Middle,203.0,0
CHN,China,2023,5.4,,399.0,35000.0,36032.0,4.6815,5.4148,0.7334,1.0,12951.1782397043,4.67,Upper-Middle,,0
MAR,Morocco,2023,6.8,2946.0,845674.0,7000000.0,7206466.0,0.9297,3.6556,2.7259,1.0,3813.72607421875,8.896,Lower-Middle,596.837,0
AFG,Afghanistan,2023,5.4,1480.0,276950.0,217000.0,223400.0,-9.7767,2.2669,12.0436,,413.757894705303,14.008,Low,,0
NPL,Nepal,2023,5.7,1.0,36273.0,,,2.6999,1.9825,-0.7174,1.0,1382.33055769304,10.437,Lower-Middle,203.0,0
AFG,Afghanistan,2023,6.3,1.0,140.0,,,-9.7767,2.2669,12.0436,,413.757894705303,14.008,Low,405.0,0
NPL,Nepal,2023,5.7,154.0,300366.0,100000.0,102950.0,2.6999,1.9825,-0.7174,1.0,1382.33055769304,10.437,Lower-Middle,203.0,0
PHL,Philippines,2023,6.2,,180.0,,,1.2591,5.5189,4.2598,1.0,3804.08274131097,2.2,Lower-Middle,34.0,0
ISL,Iceland,2023,,,3665.0,75000.0,77212.0,2.4518,5.1862,2.7344,,82138.7892973557,3.518,High,,0
PHL,Philippines,2023,6.7,11.0,99578.0,25393.0,26142.0,1.2591,5.5189,4.2598,1.0,3804.08274131097,2.2,Lower-Middle,9.797,0
PHL,Philippines,2023,7.6,3.0,721076.0,22712.0,23382.0,1.2591,5.5189,4.2598,1.0,3804.08274131097,2.2,Lower-Middle,104.95,0
CHN,China,2023,5.9,151.0,600980.0,1000000.0,1029495.0,4.6815,5.4148,0.7334,1.0,12951.1782397043,4.67,Upper-Middle,203.0,0
CHN,China,2024,5.6,6.0,12572.0,430000.0,430000.0,5.7064,4.9774,-0.729,,13303.1481543868,4.59,High,14.0,0
KAZ,Kazakhstan,2024,5.8,,67.0,,,4.2,5.0,0.8,,14154.6324958076,4.833,High,14.0,0
PNG,Papua New Guinea,2024,6.9,5.0,5002.0,,,3.0024,3.7998,0.7974,,3006.70564478923,2.625,Lower-Middle,41.464,0
IDN,Indonesia,2024,6.4,,144522.0,40000.0,40000.0,4.6864,5.0303,0.344,,4925.43048751861,3.301,Upper-Middle,204.0,0
TWN,Taiwan (Province of China),2024,7.4,20.0,2369.0,2530000.0,2530000.0,,,,,,,,40.0,0
IDN,Indonesia,2024,6.1,1.0,2812.0,,,4.6864,5.0303,0.344,,4925.43048751861,3.301,Upper-Middle,184.0,0
IRN,Iran (Islamic Republic of),2024,4.9,4.0,120.0,,,4.6054,3.6631,-0.9422,,5190.16959024821,8.146,Upper-Middle,,0
PER,Peru,2024,7.2,,9063.0,,,5.2561,3.3039,-1.9522,,8452.37167056621,5.199,Upper-Middle,24.0,0
PHL,Philippines,2024,6.8,,24000.0,,,6.2716,5.692,-0.5795,,3984.8315387656,2.202,Lower-Middle,23.187,0
IDN,Indonesia,2024,5.1,1.0,2875.0,30000.0,30000.0,4.6864,5.0303,0.344,,4925.43048751861,3.301,Upper-Middle,,0
TUR,Türkiye,2024,6.0,,1717.0,,,7.4325,3.3276,-4.1049,,15892.7157287241,8.8,High,14.0,0
CUB,Cuba,2024,6.8,,6007.0,,,0.3666,-1.0617,-1.4283,,,1.755,,23.187,0
VUT,Vanuatu,2024,7.3,14.0,80265.0,100000.0,100000.0,1.9092,0.9422,-0.967,,3410.77023167097,4.988,Lower-Middle,54.372,0
CHN,China,2025,7.1,126.0,46688.0,1250000.0,,4.5088,,,,,4.615,,10.0,0
NPL,Nepal,2025,7.1,,83.0,,,3.7597,,,,,10.465,,10.0,0
TWN,Taiwan (Province of China),2025,6.0,,27.0,1300000.0,,,,,,,,,16.0,0
CHN,China,2025,7.7,,2842.0,,,4.5088,,,,,4.615,,10.0,0
THA,Thailand,2025,7.7,54.0,2351.0,,,2.38,,,,,0.781,,10.0,0
TJK,Tajikistan,2025,5.8,1.0,4020.0,,,8.2333,,,,,6.931,,16.0,0
TUR,Türkiye,2025,6.2,,236.0,100000.0,,4.6047,,,,,8.52,,46.0,0
IDN,Indonesia,2025,5.7,,181.0,,,5.1289,,,,,3.237,,16.0,0
PER,Peru,2025,5.6,2.0,639.0,,,1.9032,,,,,5.117,,16.0,0
COL,Colombia,2025,6.3,,1651.0,,,3.213,,,,,8.29,,10.0,0
GTM,Guatemala,2025,5.7,9.0,14550.0,,,3.7898,,,,,2.604,,16.0,0
JPN,Japan,2025,8.8,1.0,11.0,,,0.8404,,,,,2.451,,35.0,0
RUS,Russian Federation,2025,8.8,,169.0,,,2.3303,,,,,2.133,,35.0,0
USA,United States of America,2025,,,,1000.0,,2.731,,,,,4.198,,,0
GTM,Guatemala,2025,5.7,9.0,14550.0,,,3.7898,,,,,2.604,,16.0,0
IDN,Indonesia,2025,5.8,2.0,477.0,,,5.1289,,,,,3.237,,16.0,0
VEN,Venezuela (Bolivarian Republic of),2025,6.3,,210.0,,,5.7675,,,,,5.307,,10.0,0
CHN,China,2025,5.6,,12995.0,,,4.5088,,,,,4.615,,16.0,0
ETH,Ethiopia,2025,5.7,1.0,43009.0,,,6.5096,,,,,3.323,,16.0,0
PHL,Philippines,2025,6.7,10.0,846027.0,,,6.264,,,,,2.235,,21.0,0
IDN,Indonesia,2025,6.5,,250.0,,,5.1289,,,,,3.237,,10.0,0
BGD,Bangladesh,2025,5.4,10.0,507.0,,,5.6994,,,,,3.778,,,0
PRI,Puerto Rico,2020,5.4,,150.0,150000.0,181806.0,-1.8571,-4.1809,-2.3238,1.0,31427.1130762831,8.89,High,,0
IDN,Indonesia,2021,5.9,,750.0,,,2.7094,3.7029,0.9935,1.0,4287.17313995098,3.827,Upper-Middle,16.0,0
IDN,Indonesia,2001,7.4,,,,,-2.4718,3.6435,6.1153,1.0,732.307093405708,6.082,Low,36.0,0
AFG,Afghanistan,2001,5.0,4.0,270.0,,,,-9.432,,,138.706821676113,7.973,Low,,0
IDN,Indonesia,2021,7.3,,1737.0,,,2.7094,3.7029,0.9935,1.0,4287.17313995098,3.827,Upper-Middle,10.0,0
IDN,Indonesia,2022,5.6,,302.0,,,2.2189,5.3072,3.0883,1.0,4730.83484836107,3.462,Upper-Middle,104.0,0
IDN,Indonesia,2002,7.4,3.0,60.0,,,3.1182,4.4995,1.3813,1.0,881.002913569131,6.604,Low,225.6,0
IDN,Indonesia,2023,7.6,1.0,4421.0,,,2.3149,5.049,2.7342,1.0,4876.30774512252,3.308,Upper-Middle,104.95,0
SYR,Syrian Arab Republic,2023,7.8,5670.0,8011774.0,8900000.0,9162506.0,0.6299,,,,,13.27,,10.0,0
BGD,Bangladesh,2000,4.3,,1000.0,,,4.779,5.2933,0.5143,1.0,396.670730249751,3.27,Low,,0
PNG,Papua New Guinea,2000,8.0,2.0,5000.0,,,-1.9393,-2.4948,-0.5555,1.0,635.957919047725,2.92,Low,33.0,0
CHN,China,2001,5.6,2.0,150190.0,31000.0,54919.0,8.0814,8.3126,0.2312,1.0,1065.40597574519,3.8,Low,33.0,0
IDN,Indonesia,2001,5.0,,12512.0,,,-2.4718,3.6435,6.1153,1.0,732.307093405708,6.082,Low,,0
TJK,Tajikistan,2002,6.3,,500.0,,,7.2016,10.8,3.5984,1.0,186.951638285222,3.95,Low,138.1,0
SCG,Serbia Montenegro,2002,5.7,1.0,100.0,,,,,,,,,,10.0,0
IDN,Indonesia,2002,6.2,,2548.0,,,3.1182,4.4995,1.3813,1.0,881.002913569131,6.604,Low,665.8,0
IND,India,2002,6.5,2.0,200.0,,,5.8369,3.804,-2.0329,1.0,469.149928973927,7.681,Low,5.0,0
EGY,Egypt,2002,4.4,,250.0,,,5.3196,2.3902,-2.9294,4.0,1116.82884626213,10.01,Lower-Middle,,0
ITA,Italy,2002,4.3,,1009.0,,,2.5222,0.2699,-2.2522,,22451.3964379368,9.211,High,,0
IRN,Iran (Islamic Republic of),2002,5.2,,15015.0,,,3.4135,8.0788,4.6654,1.0,1891.25756091033,12.8,Lower-Middle,,0
IDN,Indonesia,2002,6.4,,155.0,,,3.1182,4.4995,1.3813,1.0,881.002913569131,6.604,Low,43.6,0
CHN,China,2002,5.6,2.0,65500.0,,,8.212,9.2434,1.0314,1.0,1163.55957673426,4.24,Lower-Middle,10.0,0
IRN,Iran (Islamic Republic of),2003,5.2,,10080.0,,,5.4388,8.6393,3.2005,4.0,2208.99636552406,11.529,Lower-Middle,,0
IDN,Indonesia,2003,7.0,1.0,247.0,,,4.3543,4.7804,0.426,1.0,1043.2105838671,6.657,Low,68.0,0
CHN,China,2003,5.8,1.0,8003.0,,,8.7142,10.1182,1.404,1.0,1306.97245408557,4.58,Lower-Middle,10.0,0
BGD,Bangladesh,2003,5.7,2.0,2525.0,,,4.7346,4.7396,0.005,1.0,426.74880754362,4.32,Low,10.0,0
CHN,China,2003,5.6,3.0,60056.0,60000.0,102313.0,8.7142,10.1182,1.404,1.0,1306.97245408557,4.58,Lower-Middle,10.0,0
CHN,China,2003,6.0,11.0,6018.0,1933.0,3296.0,8.7142,10.1182,1.404,1.0,1306.97245408557,4.58,Lower-Middle,10.0,0
USA,United States of America,2003,6.5,2.0,160.0,200000.0,341043.0,2.2445,2.7956,0.5511,1.0,39490.2749557007,5.989,High,378.0,0
CHL,Chile,2007,7.7,2.0,25155.0,100000.0,151290.0,6.1871,5.1682,-1.0189,4.0,10346.4138184533,8.427,Upper-Middle,40.0,0
PAK,Pakistan,2004,5.5,24.0,13148.0,,,3.8825,7.8313,3.9488,1.0,771.902247348954,0.598,Low,10.0,0
TUR,Türkiye,2004,5.6,,32530.0,,,2.2584,9.9254,7.667,1.0,5979.6054216148,10.838,Upper-Middle,10.0,0
TJK,Tajikistan,2004,4.3,,180.0,,,10.4603,10.3,-0.1603,,305.745158587502,3.45,Low,,0
RUS,Russian Federation,2004,4.9,,138.0,,,5.7,7.1999,1.4999,1.0,4102.36474609375,7.763,Lower-Middle,,0
JPN,Japan,2005,5.5,,895.0,,,1.2544,1.8039,0.5495,1.0,37812.8950199948,4.446,High,10.0,0
AFG,Afghanistan,2004,5.2,2.0,1040.0,,,9.3334,1.4141,-7.9193,1.0,221.763653873013,7.794,Low,,0
CRI,Costa Rica,2004,6.4,8.0,280.0,,,3.7417,4.4246,0.6829,1.0,4431.0117207843,6.445,Upper-Middle,10.0,0
TUR,Türkiye,2005,5.9,2.0,422.0,,,7.3867,9.1116,1.7249,5.0,7331.85429430255,10.636,Upper-Middle,10.0,0
IRN,Iran (Islamic Republic of),2005,5.9,13.0,100.0,,,7.0183,3.1898,-3.8285,2.0,3132.0508192007,11.813,Lower-Middle,10.0,0
RUS,Russian Federation,2006,7.6,,12040.0,55000.0,85583.0,6.9666,8.2001,1.2334,1.0,6920.19970703125,7.055,Upper-Middle,397.0,0
CHN,China,2006,4.7,,12000.0,291.0,453.0,10.5693,12.6747,2.1054,1.0,2129.25696999613,4.43,Lower-Middle,,0
IDN,Indonesia,2006,5.8,8.0,1200.0,,,5.1679,5.501,0.333,1.0,1558.31562847163,7.551,Lower-Middle,32.5,0
TWN,Taiwan (Province of China),2006,7.1,2.0,42.0,,,,,,,,,,10.0,0
KGZ,Kyrgyzstan,2006,5.8,,12050.0,,,4.6272,3.1029,-1.5243,1.0,543.113512472219,2.962,Low,32.5,0
TJK,Tajikistan,2007,5.2,11.0,7003.0,,,8.0,7.8,-0.2,,516.997210618914,2.874,Low,,0
DZA,Algeria,2004,4.5,,300.0,,,4.9667,4.5,-0.4667,1.0,2816.99384960555,17.65,Lower-Middle,,0
CHN,China,2010,6.9,2968.0,112000.0,500000.0,719287.0,11.0743,10.5963,-0.478,,4629.24551710077,4.53,Upper-Middle,577.7,0
IDN,Indonesia,2007,6.5,3.0,21800.0,,,5.4081,6.345,0.9369,1.0,1823.21976255073,8.06,Lower-Middle,34.0,0
MTQ,Martinique,2007,7.4,1.0,100.0,,,,,,,,,,10.0,0
JPN,Japan,2007,5.1,,201.0,,,1.7875,1.484,-0.3035,3.0,35779.0245416427,3.888,High,,0
GRC,Greece,2008,6.4,2.0,3708.0,,,3.7113,0.0575,-3.6538,,31695.8331092209,7.664,High,10.0,0
CHN,China,2008,6.0,40.0,1000589.0,492000.0,716828.0,12.761,9.6702,-3.0907,,3523.44302065213,4.59,Lower-Middle,35.0,0
KGZ,Kyrgyzstan,2008,6.7,74.0,1197.0,,,3.8234,8.4016,4.5782,3.0,966.388569370494,3.207,Low,25.0,0
CHN,China,2008,6.3,30.0,754.0,,,12.761,9.6702,-3.0907,,3523.44302065213,4.59,Lower-Middle,34.0,0
JPN,Japan,2009,6.2,1.0,25319.0,400000.0,584867.0,0.544,-5.6932,-6.2372,1.0,41308.9968370512,5.068,High,152.0,0
TON,Tonga,2009,8.1,9.0,507.0,9500.0,13891.0,0.0776,-5.1292,-5.2068,1.0,2914.23774004564,1.419,Lower-Middle,18.0,0
NZL,New Zealand,2010,7.0,,300002.0,6500000.0,9350729.0,0.6673,1.4586,0.7913,1.0,33761.9009639947,6.557,High,13.0,0
IDN,Indonesia,2010,7.8,530.0,11864.0,,,5.6625,6.2239,0.5613,1.0,3065.68348377765,5.614,Lower-Middle,31.0,0
MMR,Myanmar,2011,6.9,74.0,21277.0,3600.0,5020.0,10.1466,5.5915,-4.5551,,1213.62898703376,0.749,Lower-Middle,26.0,0
UZB,Uzbekistan,2011,6.1,13.0,86.0,,,8.2258,7.5251,-0.7006,,2087.86386135694,4.96,Lower-Middle,112.2,0
CHN,China,2011,6.9,7.0,5136.0,,,9.8897,9.4613,-0.4284,,5703.76027973346,4.55,Upper-Middle,26.0,0
ITA,Italy,2012,6.0,7.0,11050.0,15800000.0,21587179.0,-1.0269,-3.1252,-2.0984,2.0,34854.3949441965,10.655,High,10.0,0
BGR,Bulgaria,2012,5.6,,210.0,,,0.0995,0.7488,0.6494,2.0,7431.95789508871,12.27,Upper-Middle,10.0,0
ITA,Italy,2012,5.8,17.0,14350.0,,,-1.0269,-3.1252,-2.0984,2.0,34854.3949441965,10.655,High,10.0,0
AZE,Azerbaijan,2012,5.6,,15550.0,,,4.1951,2.2029,-1.9922,1.0,7495.86527658099,5.19,Upper-Middle,10.0,0
PHL,Philippines,2012,5.7,,4001.0,,,4.2137,6.897,2.6833,1.0,2614.61644401308,3.504,Lower-Middle,10.0,0
CHN,China,2012,6.3,,155052.0,68000.0,92907.0,9.8201,7.8562,-1.9639,,6405.0574241349,4.58,Upper-Middle,580.3,0
CRI,Costa Rica,2012,7.6,2.0,762.0,45000.0,61482.0,2.9633,4.8826,1.9192,2.0,10126.9991024177,9.11,Upper-Middle,28.0,0
COL,Colombia,2013,6.9,,10015.0,4000.0,5386.0,5.1184,5.134,0.0156,,8279.10255642981,9.246,Upper-Middle,107.0,0
PAK,Pakistan,2013,7.7,41.0,15175.0,,,2.4031,4.3669,1.9637,1.0,1225.4340119198,2.954,Lower-Middle,80.0,0
IDN,Indonesia,2013,6.1,48.0,55935.0,130000.0,175052.0,6.1412,5.5573,-0.584,,3566.60284506078,4.336,Lower-Middle,10.0,0
CHN,China,2013,5.9,95.0,123887.0,1000000.0,1346552.0,9.3046,7.7787,-1.5259,,7147.03518622344,4.6,Upper-Middle,15.0,0
PAK,Pakistan,2013,7.7,399.0,185749.0,100000.0,134655.0,2.4031,4.3669,1.9637,1.0,1225.4340119198,2.954,Lower-Middle,80.0,0
PHL,Philippines,2013,7.1,230.0,3222224.0,51459.0,69292.0,6.0299,6.7505,0.7206,1.0,2781.27957677397,3.497,Lower-Middle,10.0,0
IDN,Indonesia,2013,5.4,1.0,2738.0,,,6.1412,5.5573,-0.584,,3566.60284506078,4.336,Lower-Middle,,0
CHN,China,2013,5.3,,58300.0,,,9.3046,7.7787,-1.5259,,7147.03518622344,4.6,Upper-Middle,,0
CHN,China,2013,5.0,,2000.0,,,9.3046,7.7787,-1.5259,,7147.03518622344,4.6,Upper-Middle,,0
MEX,Mexico,2014,7.2,,381.0,,,2.6165,2.5038,-0.1127,1.0,11391.3773497683,4.819,Upper-Middle,24.0,0
CHN,China,2014,5.4,,75021.0,80000.0,106005.0,8.3654,7.4619,-0.9035,,7781.06597484974,4.63,Upper-Middle,,0
TUR,Türkiye,2014,6.9,,324.0,,,8.0919,4.6008,-3.4912,,12209.3862327674,9.901,Upper-Middle,10.0,0
MYS,Malaysia,2015,6.0,24.0,10.0,2.0,3.0,5.3913,5.0915,-0.2998,2.0,9648.6797937523,3.1,Upper-Middle,7.08,0
KGZ,Kyrgyzstan,2015,5.6,,16780.0,12000.0,15882.0,4.9505,3.8758,-1.0746,,1105.65193844261,4.138,Lower-Middle,7.08,0
TUR,Türkiye,2020,7.0,115.0,6034.0,450000.0,545417.0,4.1985,1.8031,-2.3955,1.0,8798.11791709313,13.148,Upper-Middle,143.0,0
CHN,China,2004,5.4,4.0,120600.0,50000.0,83038.0,9.2247,10.1314,0.9067,1.0,1530.92726215723,4.49,Lower-Middle,,0
CHN,China,2020,5.1,4.0,3324.0,17000.0,20605.0,6.5722,2.3402,-4.232,1.0,10627.4637989619,5.0,Upper-Middle,,0
HRV,Croatia,2020,6.4,8.0,149407.0,6223400.0,7542995.0,3.0989,-8.3109,-11.4097,1.0,14807.5608543265,7.389,High,6.0,0
DZA,Algeria,2020,4.9,,15000.0,,,1.2667,-5.0,-6.2667,1.0,3743.5419522929,14.08,Lower-Middle,,0
IDN,Indonesia,2021,6.0,9.0,5979.0,,,2.7094,3.7029,0.9935,1.0,4287.17313995098,3.827,Upper-Middle,16.0,0
CHN,China,2000,5.9,7.0,1855007.0,73500.0,133892.0,8.3151,8.5864,0.2713,2.0,969.199513696287,3.26,Low,10.0,0
DZA,Algeria,2014,5.5,6.0,420.0,,,2.6667,4.1,1.4333,1.0,6094.69392314956,10.207,Upper-Middle,5.0,0
IDN,Indonesia,2000,6.7,1.0,3000.0,,,-2.5452,4.9201,7.4653,1.0,763.711124950924,6.077,Low,33.0,0
TZA,United Republic of Tanzania,2001,4.3,,700.0,,,4.3644,6.0708,1.7064,1.0,396.638732910156,2.994,Low,,0
PER,Peru,2001,5.8,4.0,3965.0,,,1.2659,0.6179,-0.648,1.0,1929.57273038846,5.068,Lower-Middle,33.0,0
RWA,Rwanda,2002,4.7,45.0,1643.0,,,7.0691,13.1921,6.123,2.0,234.043016755733,11.432,Low,,0
PHL,Philippines,2002,7.5,15.0,73451.0,1714.0,2989.0,3.5927,3.7163,0.1235,1.0,1014.90879320106,3.616,Low,31.0,0
AFG,Afghanistan,2002,6.1,1000.0,91228.0,,,-9.432,28.6,38.032,1.0,178.954088379235,7.867,Low,10.0,0
IDN,Indonesia,2002,7.6,8.0,9082.0,,,3.1182,4.4995,1.3813,1.0,881.002913569131,6.604,Low,13.0,0
TZA,United Republic of Tanzania,2002,5.5,2.0,2000.0,,,5.1518,7.0932,1.9414,1.0,402.649047851563,3.023,Low,10.0,0
CHN,China,2002,5.3,,378.0,,,8.212,9.2434,1.0314,1.0,1163.55957673426,4.24,Lower-Middle,,0
ITA,Italy,2002,6.0,2.0,,500000.0,871964.0,2.5222,0.2699,-2.2522,,22451.3964379368,9.211,High,10.0,0
RUS,Russian Federation,2003,7.3,3.0,1805.0,10600.0,18075.0,6.6,7.3,0.6999,1.0,2975.123046875,8.21,Lower-Middle,33.0,0
MEX,Mexico,2003,7.6,29.0,178603.0,116300.0,198317.0,1.4473,1.1855,-0.2617,1.0,7434.0746485155,3.455,Upper-Middle,24.0,0
PAN,Panama,2003,6.5,2.0,1075.0,,,2.5559,5.0969,2.5409,1.0,4264.66428949623,6.303,Upper-Middle,378.0,0
PAN,Panama,2003,5.4,,340.0,,,2.5559,5.0969,2.5409,1.0,4264.66428949623,6.303,Upper-Middle,,0
IDN,Indonesia,2003,6.0,,500.0,,,4.3543,4.7804,0.426,1.0,1043.2105838671,6.657,Low,10.0,0
IRN,Iran (Islamic Republic of),2003,5.8,1.0,17525.0,21666.0,36945.0,5.4388,8.6393,3.2005,4.0,2208.99636552406,11.529,Lower-Middle,10.0,0
CHN,China,2003,5.1,1.0,23369.0,,,8.7142,10.1182,1.404,1.0,1306.97245408557,4.58,Lower-Middle,,0
ZAF,South Africa,2014,5.4,1.0,2002.0,,,2.6834,1.4138,-1.2696,,6856.73137092522,24.89,Upper-Middle,,0
CRI,Costa Rica,2003,6.5,2.0,135.0,,,3.5923,4.3172,0.7249,1.0,4173.14856415514,6.654,Lower-Middle,378.0,0
SVN,Slovenia,2004,5.2,1.0,605.0,10000.0,16608.0,3.1021,4.546,1.4439,1.0,17103.8297783905,6.012,High,,0
BDI,Burundi,2004,4.7,3.0,120.0,,,1.7595,4.8337,3.0741,2.0,125.194965184533,3.177,Low,,0
CHN,China,2004,5.2,,22019.0,,,9.2247,10.1314,0.9067,1.0,1530.92726215723,4.49,Lower-Middle,,0
GLP,Guadeloupe,2004,6.3,1.0,153.0,,,,,,,,,,57.7,0
DZA,Algeria,2004,4.5,,15.0,,,4.9667,4.5,-0.4667,1.0,2816.99384960555,17.65,Lower-Middle,,0
JPN,Japan,2005,6.6,1.0,3535.0,400000.0,642503.0,1.2544,1.8039,0.5495,1.0,37812.8950199948,4.446,High,24.9,0
PER,Peru,2005,7.8,,,50.0,80.0,4.8589,6.2851,1.4261,1.0,2706.66947297608,4.87,Lower-Middle,115.6,0
CHN,China,2005,5.2,16.0,615500.0,,,9.831,11.4582,1.6272,1.0,1777.64496828464,4.52,Lower-Middle,,0
BGR,Bulgaria,2006,4.6,,527.0,,,6.268,6.8026,0.5346,1.0,4523.1465578805,8.951,Upper-Middle,,0
CHN,China,2006,4.9,22.0,265106.0,,,10.5693,12.6747,2.1054,1.0,2129.25696999613,4.43,Lower-Middle,,0
CHN,China,2006,5.0,1.0,45551.0,,,10.5693,12.6747,2.1054,1.0,2129.25696999613,4.43,Lower-Middle,,0
SLV,El Salvador,2006,4.1,,16470.0,,,1.7119,4.337,2.6251,1.0,2665.61807194853,6.57,Lower-Middle,,0
USA,United States of America,2006,6.7,,3529.0,150000.0,233409.0,3.3756,2.7845,-0.5911,,46302.0008800056,4.623,High,66.0,0
JPN,Japan,2007,6.7,1.0,41027.0,250000.0,378226.0,1.7875,1.484,-0.3035,3.0,35779.0245416427,3.888,High,12.0,0
CHL,Chile,2007,6.2,10.0,,,,6.1871,5.1682,-1.0189,4.0,10346.4138184533,8.427,Upper-Middle,8.0,0
RUS,Russian Federation,2007,6.2,2.0,25012.0,420000.0,635419.0,7.2667,8.5,1.2333,,9101.2392578125,6.002,Upper-Middle,8.0,0
GBR,United Kingdom of Great Britain and Northern Ireland,2007,4.6,,4501.0,60000.0,90774.0,2.4355,2.9309,0.4954,,50629.0799172887,5.399,High,,0
CHN,China,2011,5.6,,1616.0,,,9.8897,9.4613,-0.4284,,5703.76027973346,4.55,Upper-Middle,36.0,0
USA,United States of America,2008,5.9,,2103.0,,,2.7573,0.1136,-2.6437,,48570.0459804586,5.784,High,35.0,0
CHN,China,2008,7.9,87476.0,45976596.0,85000000.0,123842307.0,12.761,9.6702,-3.0907,,3523.44302065213,4.59,Lower-Middle,19.0,0
CHN,China,2008,6.0,4.0,13529.0,,,12.761,9.6702,-3.0907,,3523.44302065213,4.59,Lower-Middle,35.0,0
RUS,Russian Federation,2008,5.8,13.0,5235.0,,,7.7,5.2,-2.5,,11635.2841796875,6.205,Upper-Middle,35.0,0
CHN,China,2009,5.1,,4549.0,3100.0,4533.0,12.165,9.4027,-2.7623,,3898.24459158811,4.72,Lower-Middle,,0
GEO,Georgia,2009,6.0,,7306.0,,,8.1396,-3.6508,-11.7903,,2822.68939668797,20.71,Lower-Middle,16.0,0
CHN,China,2009,5.7,1.0,65336.0,315000.0,460583.0,12.165,9.4027,-2.7623,,3898.24459158811,4.72,Lower-Middle,16.0,0
PHL,Philippines,2009,5.7,,392.0,90.0,132.0,5.3934,1.4483,-3.9451,1.0,1864.45043406471,3.858,Lower-Middle,16.0,0
AZE,Azerbaijan,2012,5.1,,6949.0,,,4.1951,2.2029,-1.9922,1.0,7495.86527658099,5.19,Upper-Middle,,0
USA,United States of America,2010,6.5,,630.0,12500.0,17982.0,-0.153,2.6952,2.8482,1.0,48642.6100179312,9.633,High,28.737,0
CHN,China,2010,5.1,1.0,10515.0,4400.0,6330.0,11.0743,10.5963,-0.478,,4629.24551710077,4.53,Upper-Middle,,0
TUR,Türkiye,2010,6.1,51.0,3600.0,,,0.3819,8.5422,8.1603,1.0,10698.9699409757,11.879,Upper-Middle,8.0,0
BTN,Bhutan,2011,6.9,1.0,20016.0,,,8.0429,8.4893,0.4463,5.0,2787.97967608562,3.23,Lower-Middle,26.0,0
TWN,Taiwan (Province of China),2010,6.3,,96.0,1000000.0,1438574.0,,,,,,,,5.0,0
NZL,New Zealand,2011,6.1,181.0,301500.0,15000000.0,20918249.0,0.1347,2.0935,1.9588,1.0,38431.7766788499,6.491,High,112.2,0
KGZ,Kyrgyzstan,2011,6.1,,,,,3.6054,5.9563,2.3508,2.0,1117.40174350185,3.644,Lower-Middle,112.2,0
ESP,Spain,2011,5.1,10.0,15300.0,200000.0,278910.0,-0.9689,-0.6399,0.329,3.0,31824.6219134777,21.39,High,,0
TUR,Türkiye,2011,7.1,604.0,32938.0,1500000.0,2091825.0,1.5265,10.98,9.4534,1.0,11373.6355760885,9.789,Upper-Middle,42.0,0
PHL,Philippines,2011,4.9,,28.0,,,4.3758,3.8582,-0.5175,1.0,2383.91892522087,3.592,Lower-Middle,,0
PHL,Philippines,2012,6.7,113.0,320277.0,8900.0,12160.0,4.2137,6.897,2.6833,1.0,2614.61644401308,3.504,Lower-Middle,11.0,0
CHL,Chile,2012,7.1,1.0,24297.0,100000.0,136628.0,3.6525,6.1553,2.5028,,15241.9069981119,6.79,High,23.0,0
IRN,Iran (Islamic Republic of),2013,7.7,,27.0,,,1.5655,-1.522,-3.0875,1.0,6222.74194840326,10.595,Upper-Middle,80.0,0
CHN,China,2013,6.6,198.0,2198785.0,6800000.0,9156556.0,9.3046,7.7787,-1.5259,,7147.03518622344,4.6,Upper-Middle,18.0,0
AFG,Afghanistan,2013,5.5,18.0,3531.0,,,9.1804,5.6007,-3.5796,,637.087099117099,7.921,Low,15.0,0
TWN,Taiwan (Province of China),2013,6.2,4.0,1519.0,1100.0,1481.0,,,,,,,,189.0,0
CHN,China,2013,5.1,,80555.0,38000.0,51169.0,9.3046,7.7787,-1.5259,,7147.03518622344,4.6,Upper-Middle,,0
IRN,Iran (Islamic Republic of),2014,6.0,,12250.0,43000.0,56977.0,-0.8745,4.9848,5.8593,2.0,5672.06372896319,10.68,Upper-Middle,5.0,0
MEX,Mexico,2014,6.9,3.0,27000.0,,,2.6165,2.5038,-0.1127,1.0,11391.3773497683,4.819,Upper-Middle,10.0,0
USA,United States of America,2014,6.02,1.0,3250.0,700000.0,927540.0,1.9905,2.5238,0.5334,1.0,54973.4207515712,6.168,High,11.12,0
JPN,Japan,2014,6.2,,2657.0,2000.0,2650.0,1.1346,0.2962,-0.8383,1.0,38475.3952461838,3.589,High,60.0,0
CHN,China,2015,5.1,,8640.0,14650.0,19389.0,7.6989,6.9788,-0.7202,,8175.33285077393,4.65,Upper-Middle,,0
BGD,Bangladesh,2015,7.8,4.0,200.0,,,6.1987,6.5526,0.3539,1.0,1224.38647668165,4.397,Lower-Middle,8.22,0
CHN,China,2015,7.8,29.0,207883.0,,,7.6989,6.9788,-0.7202,,8175.33285077393,4.65,Upper-Middle,8.22,0
NPL,Nepal,2015,7.3,138.0,2428.0,,,4.7356,3.9761,-0.7595,2.0,875.543635474862,10.643,Low,15.0,0
CHN,China,2015,6.4,4.0,3048.0,3200.0,4235.0,7.6989,6.9788,-0.7202,,8175.33285077393,4.65,Upper-Middle,10.0,0
IDN,Indonesia,2015,6.6,,12247.0,,,5.5313,4.8763,-0.655,,3288.22269725538,4.514,Lower-Middle,10.0,0
CHL,Chile,2015,8.3,19.0,681499.0,800000.0,1058790.0,3.7522,2.1519,-1.6002,3.0,13433.9202987032,6.605,High,22.44,0
AFG,Afghanistan,2015,7.5,115.0,92725.0,,,7.0259,1.4513,-5.5745,,565.569730408751,9.032,Low,41.0,0
TLS,Timor-Leste,2015,6.5,,2003.0,4000.0,5294.0,4.1458,2.48,-1.6658,4.0,1319.59295003154,3.678,Lower-Middle,8.0,0
IRN,Iran (Islamic Republic of),2022,5.6,,12565.0,,,2.0704,4.3528,2.2824,1.0,4721.20437099984,9.085,Upper-Middle,104.0,0
PHL,Philippines,2022,7.0,10.0,502856.0,151000.0,161853.0,0.7717,7.581,6.8093,1.0,3548.06930572116,2.598,Lower-Middle,10.0,0
GTM,Guatemala,2022,6.2,3.0,31302.0,,,3.4247,4.1845,0.7598,1.0,5358.70156997677,3.051,Upper-Middle,19.0,0
PER,Peru,2022,6.5,,300.0,,,1.5566,2.809,1.2524,2.0,7350.63034300417,4.291,Upper-Middle,8.0,0
HTI,Haiti,2022,5.3,2.0,1017.0,,,-2.2756,-1.682,0.5936,1.0,1760.62635668777,14.54,Lower-Middle,,0
CHN,China,2021,5.4,3.0,24395.0,250000.0,289413.0,5.0551,8.5701,3.5149,2.0,12887.4357242941,4.55,Upper-Middle,,0
PER,Peru,2021,6.2,,1421.0,,,-1.5744,13.3626,14.9371,1.0,6826.20255614477,5.097,Upper-Middle,38.49,0
IRN,Iran (Islamic Republic of),2023,5.6,,239.0,,,4.3085,5.3324,1.0238,,5049.29931642754,8.129,Upper-Middle,203.0,0
CHN,China,2003,5.4,4.0,455500.0,167000.0,284771.0,8.7142,10.1182,1.404,1.0,1306.97245408557,4.58,Lower-Middle,,0
IDN,Indonesia,2000,5.4,,4124.0,2000.0,3643.0,-2.5452,4.9201,7.4653,1.0,763.711124950924,6.077,Low,,0
AFG,Afghanistan,2002,5.9,50.0,6150.0,,,-9.432,28.6,38.032,1.0,178.954088379235,7.867,Low,10.0,0
HRV,Croatia,2020,5.4,1.0,78942.0,6800000.0,8241856.0,3.0989,-8.3109,-11.4097,1.0,14807.5608543265,7.389,High,,0
IDN,Indonesia,2020,6.4,,1560.0,,,5.0878,-2.0655,-7.1533,2.0,3853.70288774146,4.255,Lower-Middle,6.0,0
TUR,Türkiye,2020,5.9,1.0,6635.0,,,4.1985,1.8031,-2.3955,1.0,8798.11791709313,13.148,Upper-Middle,117.0,0
PHL,Philippines,2020,6.6,1.0,4980.0,2500.0,3030.0,6.4637,-9.5183,-15.982,2.0,3227.57910235199,2.522,Lower-Middle,453.0,0
ARG,Argentina,2021,6.4,,1814.0,,,-4.8396,10.4418,15.2814,1.0,10738.0179223384,8.736,Upper-Middle,20.81,0
GRC,Greece,2021,5.8,,2711.0,10000.0,11577.0,-1.6181,8.6545,10.2726,1.0,20654.7001960815,14.656,High,16.0,0
JPN,Japan,2021,7.0,,611.0,550000.0,636709.0,-1.3092,2.6966,4.0058,1.0,40094.5599795288,2.808,High,80.0,0
TUR,Türkiye,2004,5.1,18.0,356.0,,,2.2584,9.9254,7.667,1.0,5979.6054216148,10.838,Upper-Middle,,0
HTI,Haiti,2021,7.2,2575.0,702763.0,1620071.0,1875480.0,-1.1203,-1.7982,-0.678,,1841.33189337222,15.296,Lower-Middle,10.0,0
CHN,China,2022,5.4,,29030.0,54000.0,57881.0,5.6596,3.1342,-2.5254,,12970.6056414327,4.98,Upper-Middle,,0
AFG,Afghanistan,2022,5.3,28.0,4004.0,,,-6.3928,-6.2402,0.1526,1.0,357.261152798144,14.1,Low,,0
IDN,Indonesia,2022,6.6,,15390.0,23000.0,24653.0,2.2189,5.3072,3.0883,1.0,4730.83484836107,3.462,Upper-Middle,13.0,0
IDN,Indonesia,2022,6.1,15.0,24903.0,39000.0,41803.0,2.2189,5.3072,3.0883,1.0,4730.83484836107,3.462,Upper-Middle,17.0,0
AFG,Afghanistan,2022,5.9,1163.0,364623.0,,,-6.3928,-6.2402,0.1526,1.0,357.261152798144,14.1,Low,104.0,0
CHN,China,2022,5.8,4.0,13541.0,42000.0,45019.0,5.6596,3.1342,-2.5254,,12970.6056414327,4.98,Upper-Middle,104.0,0
TUR,Türkiye,2022,6.1,2.0,306.0,50000.0,53594.0,4.9719,5.4412,0.4693,1.0,10897.8397861365,10.465,Upper-Middle,17.0,0
TUR,Türkiye,2023,7.8,53000.0,16107000.0,34000000.0,35002834.0,6.3518,5.0451,-1.3067,,13375.0947282864,9.388,High,10.0,0
ISL,Iceland,2000,6.5,,108.0,12000.0,21860.0,5.0164,4.9052,-0.1113,4.0,32503.578963236,1.936,High,33.0,0
IDN,Indonesia,2000,7.6,45.0,52770.0,30000.0,54650.0,-2.5452,4.9201,7.4653,1.0,763.711124950924,6.077,Low,126.5,0
IDN,Indonesia,2000,6.7,103.0,204714.0,41000.0,74688.0,-2.5452,4.9201,7.4653,1.0,763.711124950924,6.077,Low,33.0,0
ISL,Iceland,2000,6.5,,91.0,12000.0,21860.0,5.0164,4.9052,-0.1113,4.0,32503.578963236,1.936,High,33.0,0
NIC,Nicaragua,2000,5.4,7.0,7477.0,,,4.9048,4.1016,-0.8032,4.0,1017.3124434882,7.181,Low,,0
RUS,Russian Federation,2000,6.8,,19108.0,920.0,1676.0,0.8333,10.0001,9.1668,1.0,1771.59411621094,10.581,Lower-Middle,61.1,0
USA,United States of America,2000,4.9,,25174.0,50000.0,91083.0,4.5729,4.0776,-0.4953,,36329.9560727102,3.992,High,,0
JPN,Japan,2001,6.8,2.0,11261.0,500000.0,885793.0,0.3868,0.3861,-0.0007,2.0,34406.1824638092,5.02,High,33.0,0
SLV,El Salvador,2001,7.7,844.0,1334529.0,1500000.0,2657380.0,1.9807,0.8796,-1.1011,4.0,2058.04459070452,6.96,Lower-Middle,60.0,0
IND,India,2001,7.7,20005.0,6321812.0,2623000.0,4646872.0,6.2904,4.824,-1.4664,2.0,450.357900514128,7.611,Low,60.0,0
USA,United States of America,2001,6.8,1.0,400.0,2000000.0,3543173.0,4.4497,0.9555,-3.4942,,37133.623113437,4.731,High,33.0,0
PER,Peru,2001,5.8,2.0,155.0,,,1.2659,0.6179,-0.648,1.0,1929.57273038846,5.068,Lower-Middle,33.0,0
VUT,Vanuatu,2002,7.2,,500.0,,,0.9548,-5.1983,-6.1532,1.0,1340.71537528287,8.598,Lower-Middle,21.0,0
AFG,Afghanistan,2002,6.3,150.0,3513.0,,,-9.432,28.6,38.032,1.0,178.954088379235,7.867,Low,138.1,0
CHN,China,2004,4.8,,100012.0,,,9.2247,10.1314,0.9067,1.0,1530.92726215723,4.49,Lower-Middle,,0
ITA,Italy,2002,5.9,30.0,8533.0,796000.0,1388166.0,2.5222,0.2699,-2.2522,,22451.3964379368,9.211,High,10.0,0
VUT,Vanuatu,2002,5.9,,503.0,,,0.9548,-5.1983,-6.1532,1.0,1340.71537528287,8.598,Lower-Middle,10.0,0
IDN,Indonesia,2004,7.5,33.0,83381.0,,,4.3078,5.0309,0.7231,1.0,1126.84004447173,7.303,Lower-Middle,10.0,0
CHN,China,2003,6.3,268.0,517000.0,157000.0,267719.0,8.7142,10.1182,1.404,1.0,1306.97245408557,4.58,Lower-Middle,10.0,0
DZA,Algeria,2003,6.8,2266.0,210261.0,5000000.0,8526086.0,4.0667,6.5,2.4333,1.0,2283.77299346126,23.72,Lower-Middle,40.2,0
DZA,Algeria,2003,5.8,9.0,200.0,,,4.0667,6.5,2.4333,1.0,2283.77299346126,23.72,Lower-Middle,10.0,0
JPN,Japan,2003,5.5,,18191.0,411000.0,700844.0,1.0642,1.5351,0.4709,1.0,35387.0374203599,5.251,High,10.0,0
DOM,Dominican Republic,2003,6.4,3.0,2015.0,,,3.8692,-1.3494,-5.2186,2.0,2383.26171780393,6.938,Lower-Middle,10.0,0
CHN,China,2003,5.8,9.0,275043.0,40000.0,68209.0,8.7142,10.1182,1.404,1.0,1306.97245408557,4.58,Lower-Middle,10.0,0
IDN,Indonesia,2004,5.8,1.0,30040.0,12000.0,19929.0,4.3078,5.0309,0.7231,1.0,1126.84004447173,7.303,Lower-Middle,10.0,0
ZAF,South Africa,2005,5.0,2.0,58.0,20000.0,32125.0,3.7347,5.2771,1.5424,1.0,5836.87663325127,22.472,Upper-Middle,,0
PER,Peru,2005,7.5,5.0,2505.0,,,4.8589,6.2851,1.4261,1.0,2706.66947297608,4.87,Lower-Middle,115.0,0
PAK,Pakistan,2005,7.6,73338.0,5128309.0,5200000.0,8352544.0,5.2758,7.2766,2.0008,1.0,827.619861189926,0.583,Low,90.0,0
COD,Democratic Republic of the Congo,2005,6.8,6.0,1505.0,,,5.088,6.1352,1.0472,1.0,214.539740473519,2.948,Low,10.0,0
IRN,Iran (Islamic Republic of),2006,6.0,,7006.0,,,5.3886,4.9998,-0.3888,1.0,3618.91601364428,11.519,Lower-Middle,32.5,0
IDN,Indonesia,2007,6.3,67.0,137660.0,200000.0,302581.0,5.4081,6.345,0.9369,1.0,1823.21976255073,8.06,Lower-Middle,406.8,0
SLB,Solomon Islands,2007,8.1,52.0,2384.0,,,6.3933,3.6397,-2.7536,3.0,1390.14870956707,1.978,Lower-Middle,10.0,0
HND,Honduras,2007,5.3,,1883.0,,,6.2834,6.1883,-0.0951,,1577.73789197407,3.211,Lower-Middle,,0
JPN,Japan,2007,6.6,9.0,14000.0,12500000.0,18911284.0,1.7875,1.484,-0.3035,3.0,35779.0245416427,3.888,High,20.0,0
IDN,Indonesia,2007,4.9,,469.0,,,5.4081,6.345,0.9369,1.0,1823.21976255073,8.06,Lower-Middle,,0
KGZ,Kyrgyzstan,2008,5.6,,3000.0,,,3.8234,8.4016,4.5782,3.0,966.388569370494,3.207,Low,35.0,0
RWA,Rwanda,2008,5.9,36.0,643.0,,,8.7461,11.1612,2.4152,,528.326391755502,11.517,Low,35.0,0
IDN,Indonesia,2008,7.4,6.0,10077.0,,,5.8462,6.0137,0.1675,2.0,2124.55483920618,7.208,Lower-Middle,26.0,0
JPN,Japan,2008,6.9,23.0,448.0,167000.0,243314.0,1.5534,-1.2243,-2.7777,2.0,39876.3039685725,4.002,High,9.0,0
CHN,China,2008,6.0,6.0,160.0,,,12.761,9.6702,-3.0907,,3523.44302065213,4.59,Lower-Middle,35.0,0
CHN,China,2008,4.8,,27169.0,,,12.761,9.6702,-3.0907,,3523.44302065213,4.59,Lower-Middle,,0
IDN,Indonesia,2009,7.7,5.0,4250.0,10000.0,14622.0,5.9532,4.6289,-1.3244,1.0,2218.48541852977,6.106,Lower-Middle,17.0,0
HND,Honduras,2009,7.3,7.0,50136.0,100000.0,146217.0,5.6624,-2.4316,-8.094,,1781.15703614674,3.292,Lower-Middle,19.0,0
WSM,Samoa,2009,8.1,148.0,5584.0,124040.0,181367.0,2.0581,-0.5417,-2.5997,1.0,3279.18269477295,5.646,Lower-Middle,18.0,0
IDN,Indonesia,2009,6.6,1195.0,2501798.0,2200000.0,3216767.0,5.9532,4.6289,-1.3244,1.0,2218.48541852977,6.106,Lower-Middle,204.8,0
MWI,Malawi,2009,5.9,1.0,15015.0,,,7.3132,8.3281,1.0149,,625.869729869625,4.732,Low,16.0,0
HUN,Hungary,2013,4.4,,1800.0,,,0.5484,2.0322,1.4838,1.0,13739.4620151401,10.177,High,,0
CHN,China,2010,5.2,,50011.0,,,11.0743,10.5963,-0.478,,4629.24551710077,4.53,Upper-Middle,,0
CHN,China,2011,4.8,,64501.0,,,9.8897,9.4613,-0.4284,,5703.76027973346,4.55,Upper-Middle,,0
JPN,Japan,2011,7.1,2.0,132.0,,,-0.9399,0.0238,0.9637,1.0,48760.0789494211,4.55,High,42.0,0
CHN,China,2011,5.5,25.0,5440.0,290000.0,404419.0,9.8897,9.4613,-0.4284,,5703.76027973346,4.55,Upper-Middle,36.0,0
THA,Thailand,2011,6.9,1.0,16.0,,,2.8495,0.8401,-2.0094,1.0,5373.6232832898,0.66,Upper-Middle,26.0,0
CHN,China,2011,5.1,,258.0,,,9.8897,9.4613,-0.4284,,5703.76027973346,4.55,Upper-Middle,,0
NZL,New Zealand,2011,5.9,1.0,345.0,3000000.0,4183650.0,0.1347,2.0935,1.9588,1.0,38431.7766788499,6.491,High,36.0,0
IDN,Indonesia,2011,6.7,10.0,,5850.0,8158.0,5.6221,6.1698,0.5476,1.0,3579.46442466152,5.153,Lower-Middle,21.0,0
TUR,Türkiye,2011,5.6,40.0,105.0,,,1.5265,10.98,9.4534,1.0,11373.6355760885,9.789,Upper-Middle,36.0,0
PER,Peru,2011,6.9,1.0,2681.0,,,6.185,6.3272,0.1422,,5861.35793645245,3.477,Upper-Middle,26.0,0
MEX,Mexico,2011,6.5,2.0,152.0,,,-0.1269,3.444,3.5709,1.0,10664.4944032313,5.175,Upper-Middle,22.0,0
PER,Peru,2012,6.4,,4435.0,,,5.2518,6.1397,0.8879,1.0,6519.37852981527,3.238,Upper-Middle,28.0,0
MEX,Mexico,2012,7.4,2.0,49011.0,320000.0,437209.0,0.7067,3.5532,2.8465,1.0,10744.1335242686,4.892,Upper-Middle,20.0,0
CHN,China,2012,4.9,1.0,2610.0,,,9.8201,7.8562,-1.9639,,6405.0574241349,4.58,Upper-Middle,,0
IDN,Indonesia,2012,6.3,6.0,7883.0,,,5.6742,6.0301,0.3559,,3632.27254030331,4.468,Lower-Middle,580.3,0
GTM,Guatemala,2012,7.4,44.0,1321742.0,210000.0,286918.0,2.5083,2.9747,0.4664,1.0,3286.61959336267,2.765,Lower-Middle,20.0,0
PHL,Philippines,2012,7.6,1.0,28879.0,3244.0,4432.0,4.2137,6.897,2.6833,1.0,2614.61644401308,3.504,Lower-Middle,28.0,0
CHN,China,2012,5.9,,36641.0,84000.0,114767.0,9.8201,7.8562,-1.9639,,6405.0574241349,4.58,Upper-Middle,10.0,0
SLB,Solomon Islands,2013,8.0,10.0,3329.0,2000.0,2693.0,6.5348,5.2374,-1.2973,,2161.38627543917,0.694,Lower-Middle,24.0,0
CHN,China,2013,5.6,3.0,538050.0,155000.0,208716.0,9.3046,7.7787,-1.5259,,7147.03518622344,4.6,Upper-Middle,15.0,0
GTM,Guatemala,2013,6.4,1.0,572.0,2000.0,2693.0,3.3409,3.6948,0.3539,1.0,3444.15802275864,3.017,Lower-Middle,10.0,0
PER,Peru,2013,7.1,,7084.0,,,6.9331,5.8525,-1.0806,,6746.80025696601,3.575,Upper-Middle,10.0,0
CHN,China,2013,5.1,,90500.0,6300.0,8483.0,9.3046,7.7787,-1.5259,,7147.03518622344,4.6,Upper-Middle,,0
GRC,Greece,2014,6.1,,2023.0,178000.0,235860.0,-6.8267,0.7922,7.6189,1.0,21474.7257123892,26.708,High,28.0,0
CHN,China,2014,6.9,,450000.0,174000.0,230560.0,8.3654,7.4619,-0.9035,,7781.06597484974,4.63,Upper-Middle,10.0,0
NIC,Nicaragua,2014,6.6,2.0,12281.0,3000.0,3975.0,5.9133,4.7855,-1.1278,,1958.37047579547,4.52,Lower-Middle,135.0,0
CHN,China,2014,5.9,,184723.0,2000.0,2650.0,8.3654,7.4619,-0.9035,,7781.06597484974,4.63,Upper-Middle,5.0,0
GTM,Guatemala,2014,6.9,1.0,94783.0,,,3.6111,4.444,0.8328,1.0,3689.14510410202,2.717,Lower-Middle,10.0,0
PER,Peru,2014,4.9,8.0,604.0,,,6.1065,2.3822,-3.7243,,6667.13410360861,3.208,Upper-Middle,,0
CHN,China,2015,7.3,1.0,,,,7.6989,6.9788,-0.7202,,8175.33285077393,4.65,Upper-Middle,15.0,0
IND,India,2015,7.3,20.0,,,,6.4176,7.9963,1.5787,1.0,1583.99815907985,7.629,Lower-Middle,15.0,0
CHN,China,2014,6.1,1.0,255324.0,274000.0,363066.0,8.3654,7.4619,-0.9035,,7781.06597484974,4.63,Upper-Middle,28.0,0
SLB,Solomon Islands,2010,7.1,,1126.0,,,4.2435,9.7082,5.4647,1.0,1685.14535823757,1.617,Lower-Middle,10.0,0
MEX,Mexico,2010,7.2,2.0,25232.0,1150000.0,1654360.0,-1.0914,4.9713,6.0627,1.0,9728.80078377082,5.303,Upper-Middle,9.987,0
IDN,Indonesia,2010,7.0,17.0,4600.0,,,5.6625,6.2239,0.5613,1.0,3065.68348377765,5.614,Lower-Middle,13.0,0
CHN,China,2010,4.9,,5014.0,,,11.0743,10.5963,-0.478,,4629.24551710077,4.53,Upper-Middle,,0
CHN,China,2011,6.9,,9508.0,,,9.8897,9.4613,-0.4284,,5703.76027973346,4.55,Upper-Middle,26.0,0
IND,India,2011,6.9,112.0,575200.0,,,6.4821,5.2413,-1.2407,3.0,1445.46127486037,7.609,Lower-Middle,26.0,0
NPL,Nepal,2011,6.9,7.0,167949.0,,,5.1514,3.4218,-1.7296,3.0,785.518656222132,10.627,Low,26.0,0
CHN,China,2011,5.6,,143000.0,56400.0,78653.0,9.8897,9.4613,-0.4284,,5703.76027973346,4.55,Upper-Middle,36.0,0
CHN,China,2012,5.5,4.0,34234.0,300000.0,409883.0,9.8201,7.8562,-1.9639,,6405.0574241349,4.58,Upper-Middle,10.0,0
IRN,Iran (Islamic Republic of),2012,5.8,6.0,5523.0,,,3.1503,-3.7472,-6.8975,2.0,8114.08099831877,12.275,Upper-Middle,10.0,0
CHN,China,2012,5.5,81.0,744821.0,1000000.0,1366277.0,9.8201,7.8562,-1.9639,,6405.0574241349,4.58,Upper-Middle,10.0,0
MMR,Myanmar,2012,6.8,38.0,1486.0,1170.0,1599.0,8.592,7.3327,-1.2593,,1202.6658960055,0.768,Lower-Middle,365.3,0
JPN,Japan,2013,5.8,,8438.0,,,1.8322,2.0051,0.1729,,40898.6478964744,4.038,High,15.0,0
NZL,New Zealand,2013,6.5,,13840.0,50000.0,67328.0,1.9728,2.5895,0.6167,1.0,43000.4646849189,5.839,High,29.0,0
TWN,Taiwan (Province of China),2013,5.9,1.0,97.0,1000.0,1347.0,,,,,,,,15.0,0
IRN,Iran (Islamic Republic of),2014,5.2,1.0,330.0,2000.0,2650.0,-0.8745,4.9848,5.8593,2.0,5672.06372896319,10.68,Upper-Middle,,0
THA,Thailand,2014,6.1,1.0,17523.0,62000.0,82154.0,3.5901,0.9845,-2.6057,3.0,5801.1978916205,0.576,Upper-Middle,28.0,0
CHN,China,2014,5.8,,225015.0,60000.0,79503.0,8.3654,7.4619,-0.9035,,7781.06597484974,4.63,Upper-Middle,5.0,0
GRC,Greece,2014,6.9,3.0,75002.0,450000.0,596276.0,-6.8267,0.7922,7.6189,1.0,21474.7257123892,26.708,High,10.0,0
COM,Comoros,2014,4.8,,10000.0,,,3.926,2.1067,-1.8194,,1615.71723662012,3.984,Lower-Middle,,0
CHN,China,2014,5.9,5.0,82355.0,50000.0,66253.0,8.3654,7.4619,-0.9035,,7781.06597484974,4.63,Upper-Middle,5.0,0
CHN,China,2014,5.6,1.0,2022.0,,,8.3654,7.4619,-0.9035,,7781.06597484974,4.63,Upper-Middle,5.0,0
CHN,China,2015,5.2,,2032.0,15000.0,19852.0,7.6989,6.9788,-0.7202,,8175.33285077393,4.65,Upper-Middle,,0
IND,India,2015,7.8,78.0,560.0,,,6.4176,7.9963,1.5787,1.0,1583.99815907985,7.629,Lower-Middle,8.22,0
NPL,Nepal,2015,7.8,8831.0,5639722.0,5174000.0,6847722.0,4.7356,3.9761,-0.7595,2.0,875.543635474862,10.643,Low,8.22,0
IND,India,2015,7.5,,10.0,,,6.4176,7.9963,1.5787,1.0,1583.99815907985,7.629,Lower-Middle,41.0,0
PAK,Pakistan,2015,7.5,280.0,502590.0,,,3.837,4.2179,0.381,1.0,1380.47020838317,3.566,Lower-Middle,41.0,0
TJK,Tajikistan,2015,7.2,2.0,7976.0,5000.0,6617.0,7.2,6.0193,-1.1807,3.0,956.916310930656,7.033,Low,22.0,0
PHL,Philippines,2016,6.7,8.0,202.0,,,6.4823,7.1495,0.6672,1.0,2985.19564024046,2.695,Lower-Middle,55.0,0
JPN,Japan,2022,7.3,3.0,741.0,8800000.0,9432485.0,-0.6248,0.942,1.5668,1.0,34065.6438962526,2.614,High,41.0,0
IDN,Indonesia,2009,7.6,2.0,1510.0,2430.0,3553.0,5.9532,4.6289,-1.3244,1.0,2218.48541852977,6.106,Lower-Middle,31.0,0
IDN,Indonesia,2021,5.1,3.0,4532.0,,,2.7094,3.7029,0.9935,1.0,4287.17313995098,3.827,Upper-Middle,,0
CHN,China,2021,5.7,,19210.0,71000.0,82193.0,5.0551,8.5701,3.5149,2.0,12887.4357242941,4.55,Upper-Middle,16.0,0
MEX,Mexico,2020,7.4,10.0,24393.0,75000.0,90903.0,1.1504,-8.354,-9.5044,1.0,8841.27075039868,4.44,Upper-Middle,10.0,0
LAO,Lao People's Democratic Republic,2021,5.7,,,120.0,139.0,4.0696,2.5284,-1.5412,3.0,2526.05105018529,2.08,Lower-Middle,16.0,0
IDN,Indonesia,2021,6.2,110.0,100653.0,58700.0,67954.0,2.7094,3.7029,0.9935,1.0,4287.17313995098,3.827,Upper-Middle,38.49,0
IRN,Iran (Islamic Republic of),2021,5.6,2.0,257724.0,10000.0,11577.0,-0.5559,4.1309,4.6868,1.0,4605.14881318992,9.282,Upper-Middle,16.0,0
JPN,Japan,2021,7.1,1.0,7892.0,7700000.0,8913929.0,-1.3092,2.6966,4.0058,1.0,40094.5599795288,2.808,High,43.98,0
BTN,Bhutan,2021,6.0,,502.0,,,-0.3205,4.4214,4.7418,1.0,3570.61257980872,4.803,Lower-Middle,16.0,0
CHN,China,2021,5.1,,8012.0,,,5.0551,8.5701,3.5149,2.0,12887.4357242941,4.55,Upper-Middle,,0
MEX,Mexico,2021,7.0,3.0,21951.0,200000.0,231531.0,-2.2582,6.0485,8.3067,1.0,10314.0506722115,4.019,Upper-Middle,80.0,0
GRC,Greece,2021,6.0,1.0,2336.0,30000.0,34730.0,-1.6181,8.6545,10.2726,1.0,20654.7001960815,14.656,High,16.0,0
CHN,China,2022,6.6,,26499.0,541000.0,579883.0,5.6596,3.1342,-2.5254,,12970.6056414327,4.98,Upper-Middle,13.0,0
CHN,China,2022,6.6,118.0,130400.0,2300000.0,2465309.0,5.6596,3.1342,-2.5254,,12970.6056414327,4.98,Upper-Middle,13.0,0
ECU,Ecuador,2022,5.8,1.0,7804.0,,,0.1141,5.8684,5.7544,1.0,6515.58528418336,3.713,Upper-Middle,104.0,0
CHN,China,2022,5.9,,784.0,,,5.6596,3.1342,-2.5254,,12970.6056414327,4.98,Upper-Middle,104.0,0
PER,Peru,2022,5.5,,302.0,,,1.5566,2.809,1.2524,2.0,7350.63034300417,4.291,Upper-Middle,104.0,0
MEX,Mexico,2022,6.8,3.0,18005.0,,,-0.8994,3.7098,4.6092,1.0,11405.7940473759,3.256,Upper-Middle,20.0,0
MEX,Mexico,2022,7.6,2.0,17886.0,25000.0,26797.0,-0.8994,3.7098,4.6092,1.0,11405.7940473759,3.256,Upper-Middle,116.0,0
PNG,Papua New Guinea,2023,7.0,8.0,16274.0,,,0.6763,3.8109,3.1346,1.0,2966.06830432055,2.649,Lower-Middle,29.0,0
USA,United States of America,2022,6.4,2.0,12.0,250000.0,267968.0,2.1586,2.5124,0.3538,1.0,76657.2488844403,3.65,High,11.0,0
IRN,Iran (Islamic Republic of),2023,5.9,3.0,262404.0,255000.0,262521.0,4.3085,5.3324,1.0238,,5049.29931642754,8.129,Upper-Middle,203.0,0
ECU,Ecuador,2023,6.8,14.0,127416.0,,,2.0151,1.9882,-0.0268,,6737.84748379638,3.51,Upper-Middle,596.837,0
BTN,Bhutan,2009,8.1,11.0,12.0,,,8.7583,7.6675,-1.0909,1.0,1918.39599211093,3.96,Lower-Middle,18.0,0
MWI,Malawi,2009,6.0,3.0,5721.0,,,7.3132,8.3281,1.0149,,625.869729869625,4.732,Low,16.0,0
ASM,American Samoa,2009,8.1,34.0,2500.0,,,-1.6346,-4.1667,-2.532,1.0,12156.0293905777,,Upper-Middle,18.0,0
AFG,Afghanistan,2009,5.2,22.0,3309.0,,,7.7029,21.3905,13.6876,1.0,452.053705477043,7.808,Low,,0
ITA,Italy,2009,6.3,300.0,72000.0,2500000.0,3655417.0,0.7462,-5.3052,-6.0514,1.0,37099.6133958219,7.749,High,27.0,0
IDN,Indonesia,2009,7.2,,3049.0,9000.0,13160.0,5.9532,4.6289,-1.3244,1.0,2218.48541852977,6.106,Lower-Middle,20.0,0
CRI,Costa Rica,2009,6.1,31.0,128618.0,200000.0,292433.0,6.76,-0.8735,-7.6335,,6832.69829924138,7.824,Upper-Middle,14.0,0
CHN,China,2008,6.1,8.0,351000.0,,,12.761,9.6702,-3.0907,,3523.44302065213,4.59,Lower-Middle,10.0,0
COL,Colombia,2008,5.9,11.0,1754.0,10000.0,14570.0,6.0946,3.2834,-2.8112,3.0,5541.83629665898,11.273,Upper-Middle,35.0,0
IDN,Indonesia,2008,5.2,2.0,625.0,,,5.8462,6.0137,0.1675,2.0,2124.55483920618,7.208,Lower-Middle,,0
BRA,Brazil,2007,4.9,1.0,286.0,,,4.308,6.0699,1.7618,1.0,7409.69003822861,9.28,Upper-Middle,,0
PER,Peru,2007,8.0,593.0,658331.0,600000.0,907742.0,6.2574,8.5184,2.261,1.0,3581.0893081917,4.08,Lower-Middle,39.0,0
PNG,Papua New Guinea,2005,6.1,1.0,200.0,,,1.5755,6.3448,4.7693,1.0,744.486489977433,2.385,Low,55.4,0
IDN,Indonesia,2006,6.3,1.0,114.0,,,5.1679,5.501,0.333,1.0,1558.31562847163,7.551,Lower-Middle,40.0,0
CHN,China,2006,4.9,,130.0,,,10.5693,12.6747,2.1054,1.0,2129.25696999613,4.43,Lower-Middle,,0
AFG,Afghanistan,2006,5.6,1.0,935.0,,,7.1587,5.3574,-1.8013,1.0,274.218553561575,7.897,Low,32.5,0
IDN,Indonesia,2006,7.7,802.0,35543.0,55000.0,85583.0,5.1679,5.501,0.333,1.0,1558.31562847163,7.551,Lower-Middle,20.0,0
IDN,Indonesia,2006,6.7,3.0,1202.0,,,5.1679,5.501,0.333,1.0,1558.31562847163,7.551,Lower-Middle,66.0,0
MOZ,Mozambique,2006,7.0,4.0,1476.0,,,7.2448,9.9107,2.6659,1.0,457.487647833183,3.037,Low,11.0,0
CHN,China,2006,4.6,,68761.0,6900.0,10737.0,10.5693,12.6747,2.1054,1.0,2129.25696999613,4.43,Lower-Middle,,0
AFG,Afghanistan,2005,6.5,5.0,501.0,,,12.9488,11.2297,-1.7191,2.0,254.184249149336,7.878,Low,39.7,0
CHN,China,2005,5.2,,18509.0,,,9.831,11.4582,1.6272,1.0,1777.64496828464,4.52,Lower-Middle,,0
TZA,United Republic of Tanzania,2005,6.8,2.0,5000.0,,,7.0899,7.4763,0.3864,,483.334869384766,3.193,Low,10.0,0
CHN,China,2000,4.9,1.0,177611.0,43000.0,78331.0,8.3151,8.5864,0.2713,2.0,969.199513696287,3.26,Low,,0
CHL,Chile,2005,7.8,11.0,27645.0,5000.0,8031.0,4.8668,5.837,0.9703,1.0,7480.32330998636,9.34,Upper-Middle,115.6,0
DEU,Germany,2004,4.8,,150.0,12000.0,19929.0,0.2927,1.1621,0.8694,1.0,34566.7359143735,10.727,High,,0
DMA,Dominica,2004,6.3,,100.0,,,0.8846,4.0978,3.2133,1.0,5778.83306546506,,Upper-Middle,57.7,0
CHN,China,2004,5.5,,190100.0,74000.0,122896.0,9.2247,10.1314,0.9067,1.0,1530.92726215723,4.49,Lower-Middle,10.0,0
MAR,Morocco,2004,6.4,628.0,13465.0,400000.0,664302.0,5.8744,4.5714,-1.303,2.0,2183.55541992188,10.83,Lower-Middle,10.0,0
CHN,China,2003,4.7,,10004.0,,,8.7142,10.1182,1.404,1.0,1306.97245408557,4.58,Lower-Middle,,0
CHN,China,2003,5.6,4.0,493065.0,,,8.7142,10.1182,1.404,1.0,1306.97245408557,4.58,Lower-Middle,10.0,0
JPN,Japan,2003,7.0,,2303.0,233000.0,397316.0,1.0642,1.5351,0.4709,1.0,35387.0374203599,5.251,High,68.0,0
TUR,Türkiye,2003,6.4,177.0,290520.0,135000.0,230204.0,2.6538,5.7991,3.1453,1.0,4649.63668068586,10.542,Upper-Middle,10.0,0
ITA,Italy,2003,5.0,,232.0,561352.0,957227.0,2.0528,0.0666,-1.9863,,27577.5700319855,8.869,High,,0
IDN,Indonesia,2003,5.5,,2502.0,,,4.3543,4.7804,0.426,1.0,1043.2105838671,6.657,Low,10.0,0
TWN,Taiwan (Province of China),2002,7.1,4.0,500.0,25000.0,43598.0,,,,,,,,32.8,0
TUR,Türkiye,2001,5.4,,131.0,,,1.947,-5.4594,-7.4064,1.0,3052.2256706793,8.381,Lower-Middle,,0
CHN,China,2001,5.6,1.0,17220.0,,,8.0814,8.3126,0.2312,1.0,1065.40597574519,3.8,Low,33.0,0
CHN,China,2001,4.6,,25000.0,,,8.0814,8.3126,0.2312,1.0,1065.40597574519,3.8,Low,,0
PER,Peru,2001,8.4,145.0,349978.0,300000.0,531476.0,1.2659,0.6179,-0.648,1.0,1929.57273038846,5.068,Lower-Middle,33.0,0
CHN,China,2001,5.5,2.0,10605.0,36000.0,63777.0,8.0814,8.3126,0.2312,1.0,1065.40597574519,3.8,Low,33.0,0
SLV,El Salvador,2001,6.6,315.0,256021.0,348500.0,617398.0,1.9807,0.8796,-1.1011,4.0,2058.04459070452,6.96,Lower-Middle,10.0,0
TKM,Turkmenistan,2000,7.0,11.0,,,,4.0667,5.4691,1.4024,1.0,633.835487638011,11.73,Low,608.5,0
IDN,Indonesia,2000,6.8,,5500.0,,,-2.5452,4.9201,7.4653,1.0,763.711124950924,6.077,Low,61.1,0
JPN,Japan,2000,6.7,,7132.0,500000.0,910827.0,-0.2077,2.7646,2.9723,1.0,39169.3595701504,4.748,High,33.0,0
CHN,China,2000,5.1,,62030.0,,,8.3151,8.5864,0.2713,2.0,969.199513696287,3.26,Low,,0
CHN,China,2000,5.6,,100.0,,,8.3151,8.5864,0.2713,2.0,969.199513696287,3.26,Low,10.0,0
CHN,China,2000,4.9,1.0,10302.0,483.0,880.0,8.3151,8.5864,0.2713,2.0,969.199513696287,3.26,Low,,0
